order_id,symbol,side,timestamp_entry,timestamp_exit,entry_price,exit_price,qty,fee_usd,pnl_usd,source
crp_sol_1772551484,SOL,BUY,2026-03-03T15:24:44Z,2026-03-03T15:44:20Z,83.35,84.62,0.0,0.0,0.0,sim_orders
crp_ltc_1772552660,LTC,BUY,2026-03-03T15:44:20Z,2026-03-03T17:09:01Z,54.16,54.16,1.84638109,0.0,0.0,sim_orders
crp_avax_1772552660,AVAX,BUY,2026-03-03T15:44:20Z,2026-03-03T17:09:01Z,9.08,9.08,11.01321586,0.0,0.0,sim_orders
crp_avax_1772557741,AVAX,BUY,2026-03-03T17:09:01Z,2026-03-03T17:11:02Z,9.08,9.19,11.01321586,0.0,1.211454,sim_orders
crp_ltc_1772557741,LTC,BUY,2026-03-03T17:09:01Z,2026-03-03T19:01:19Z,54.16,54.92,1.84638109,0.0,1.40325,sim_orders
crp_avax_1772557862,AVAX,BUY,2026-03-03T17:11:02Z,2026-03-03T19:01:19Z,9.19,9.26,10.88139282,0.0,0.761697,sim_orders
crp_eth_1772559481,ETH,BUY,2026-03-03T17:38:01Z,2026-03-03T19:01:19Z,1962.39,1988.57,0.0382187,0.0,1.000566,sim_orders
crp_sol_1772559481,SOL,BUY,2026-03-03T17:38:01Z,2026-03-03T19:01:19Z,84.59,85.42,0.3098475,0.0,0.257173,sim_orders
crp_sol_1772609784,SOL,BUY,2026-03-04T07:36:24Z,2026-03-04T07:54:47Z,86.22,87.12,0.63790304,0.0,0.574113,sim_orders
crp_eth_1772609784,ETH,BUY,2026-03-04T07:36:24Z,2026-03-04T08:18:17Z,1987.31,2007.96,0.0276756,0.0,0.571501,sim_orders
crp_sui_1772609784,SUI,BUY,2026-03-04T07:36:24Z,2026-03-04T08:18:17Z,0.906486,0.917378,60.67385486,0.0,0.66086,sim_orders
crp_inj_1772609784,INJ,BUY,2026-03-04T07:36:24Z,2026-03-04T08:18:17Z,3.03,3.05,18.15181518,0.0,0.363036,sim_orders
crp_btc_1772609784,BTC,BUY,2026-03-04T07:36:24Z,2026-03-04T08:18:17Z,68730.0,69372.0,0.00080023,0.0,0.513748,sim_orders
crp_link_1772609784,LINK,BUY,2026-03-04T07:36:24Z,2026-03-04T08:18:17Z,8.81,8.93,3.36322361,0.0,0.403587,sim_orders
crp_gala_1772612297,GALA,BUY,2026-03-04T08:18:17Z,2026-03-04T12:53:31Z,0.003553,0.003546,8443.9490661,0.0,-0.062992,sim_orders
crp_bnb_1772612297,BNB,BUY,2026-03-04T08:18:17Z,2026-03-04T12:53:31Z,640.94,649.87,0.04680625,0.0,0.41798,sim_orders
crp_bch_1772612297,BCH,BUY,2026-03-04T08:18:17Z,2026-03-04T12:53:31Z,452.52,456.69,0.06629541,0.0,0.276452,sim_orders
crp_sol_1772612781,SOL,BUY,2026-03-04T08:26:21Z,2026-03-04T12:53:31Z,87.14,89.12,0.34427358,0.0,0.681662,sim_orders
crp_arb_1772612781,ARB,BUY,2026-03-04T08:26:21Z,2026-03-04T12:53:31Z,0.10273,0.102864,292.02764528,0.0,0.039132,sim_orders
crp_op_1772612781,OP,BUY,2026-03-04T08:26:21Z,2026-03-04T12:53:31Z,0.127035,0.128873,236.15539025,0.0,0.434054,sim_orders
crp_fil_1772612781,FIL,BUY,2026-03-04T08:26:21Z,2026-03-04T12:53:31Z,1.007,1.009,29.79145978,0.0,0.059583,sim_orders
crp_apt_1772612781,APT,BUY,2026-03-04T08:26:21Z,2026-03-04T12:53:31Z,0.99722,0.994868,30.0836325,0.0,-0.070757,sim_orders
crp_uni_1772612781,UNI,BUY,2026-03-04T08:26:21Z,2026-03-04T12:53:31Z,3.94,3.94,7.6142132,0.0,0.0,sim_orders
crp_btc_1772612781,BTC,BUY,2026-03-04T08:26:21Z,2026-03-04T12:53:31Z,69256.0,71113.0,0.00043318,0.0,0.804415,sim_orders
crp_arb_1772628811,ARB,BUY,2026-03-04T12:53:31Z,2026-03-04T17:20:44Z,0.102864,0.104466,291.64722352,0.0,0.467219,sim_orders
crp_op_1772628811,OP,BUY,2026-03-04T12:53:31Z,2026-03-04T17:20:44Z,0.128873,0.129401,232.78731775,0.0,0.122912,sim_orders
crp_apt_1772628811,APT,BUY,2026-03-04T12:53:31Z,2026-03-04T17:20:44Z,0.994868,1.009,30.1547542,0.0,0.426147,sim_orders
crp_sol_1772628811,SOL,BUY,2026-03-04T12:53:31Z,2026-03-04T17:20:44Z,89.12,91.91,0.33662478,0.0,0.939183,sim_orders
crp_eth_1772628811,ETH,BUY,2026-03-04T12:53:31Z,2026-03-04T17:20:44Z,2049.89,2144.26,0.01463493,0.0,1.381098,sim_orders
crp_uni_1772628811,UNI,BUY,2026-03-04T12:53:31Z,2026-03-04T17:20:44Z,3.94,4.01,7.6142132,0.0,0.532995,sim_orders
crp_fil_1772628811,FIL,BUY,2026-03-04T12:53:31Z,2026-03-04T17:20:44Z,1.009,1.02,29.73240833,0.0,0.327056,sim_orders
crp_dot_1772628811,DOT,BUY,2026-03-04T12:53:31Z,2026-03-04T17:20:44Z,1.52,1.55,19.73684211,0.0,0.592105,sim_orders
crp_sui_1772628811,SUI,BUY,2026-03-04T12:53:31Z,2026-03-04T17:20:44Z,0.92935,0.970347,32.28062624,0.0,1.323409,sim_orders
crp_btc_1772628811,BTC,BUY,2026-03-04T12:53:31Z,2026-03-04T17:20:44Z,71113.0,73424.0,0.00042186,0.0,0.974918,sim_orders
crp_op_1772644844,OP,BUY,2026-03-04T17:20:44Z,2026-03-05T06:35:53Z,0.129401,0.129401,231.83746648,0.0,0.0,sim_orders
crp_icp_1772644844,ICP,BUY,2026-03-04T17:20:44Z,2026-03-05T06:35:53Z,2.54,2.54,11.81102362,0.0,0.0,sim_orders
crp_btc_1772644844,BTC,BUY,2026-03-04T17:20:44Z,2026-03-05T06:35:53Z,73424.0,73424.0,0.00040859,0.0,0.0,sim_orders
crp_bnb_1772644844,BNB,BUY,2026-03-04T17:20:44Z,2026-03-05T06:35:53Z,658.08,658.08,0.04558716,0.0,0.0,sim_orders
crp_op_1772692553,OP,BUY,2026-03-05T06:35:53Z,2026-03-05T08:26:30Z,0.129401,0.129401,231.83746648,0.0,0.0,sim_orders
crp_icp_1772692553,ICP,BUY,2026-03-05T06:35:53Z,2026-03-05T08:26:30Z,2.54,2.54,11.81102362,0.0,0.0,sim_orders
crp_btc_1772692553,BTC,BUY,2026-03-05T06:35:53Z,2026-03-05T08:26:30Z,73424.0,73424.0,0.00040859,0.0,0.0,sim_orders
crp_bnb_1772692553,BNB,BUY,2026-03-05T06:35:53Z,2026-03-05T08:26:30Z,658.08,658.08,0.04558716,0.0,0.0,sim_orders
crp_op_1772699190,OP,BUY,2026-03-05T08:26:30Z,2026-03-05T08:33:54Z,0.129401,0.127324,231.83746648,0.0,-0.481526,sim_orders
crp_btc_1772699190,BTC,BUY,2026-03-05T08:26:30Z,2026-03-05T08:33:54Z,73424.0,71848.0,0.00040859,0.0,-0.643938,sim_orders
crp_bnb_1772699190,BNB,BUY,2026-03-05T08:26:30Z,2026-03-05T08:33:54Z,658.08,650.42,0.04558716,0.0,-0.349198,sim_orders
crp_icp_1772699190,ICP,BUY,2026-03-05T08:26:30Z,2026-03-05T08:39:01Z,2.54,2.53,11.81102362,0.0,-0.11811,sim_orders
crp_eth_1772701681,ETH,BUY,2026-03-05T09:08:01Z,2026-03-05T09:20:01Z,2119.14,2127.55,0.01415669,0.0,0.119058,sim_orders
crp_sol_1772701681,SOL,BUY,2026-03-05T09:08:01Z,2026-03-05T09:20:01Z,90.67,91.23,0.33087019,0.0,0.185287,sim_orders
crp_btc_1772701681,BTC,BUY,2026-03-05T09:08:01Z,2026-03-05T09:20:01Z,72386.0,72594.0,0.00041444,0.0,0.086204,sim_orders
crp_aave_1772701681,AAVE,BUY,2026-03-05T09:08:01Z,2026-03-05T09:20:01Z,115.84,116.81,0.2589779,0.0,0.251209,sim_orders
crp_wld_1772702041,WLD,BUY,2026-03-05T09:14:01Z,2026-03-05T09:26:02Z,0.4158,0.41553,72.15007215,0.0,-0.019481,sim_orders
crp_eth_1772702401,ETH,BUY,2026-03-05T09:20:01Z,2026-03-05T09:32:02Z,2127.55,2129.19,0.01410073,0.0,0.023125,sim_orders
crp_sol_1772702401,SOL,BUY,2026-03-05T09:20:01Z,2026-03-05T09:32:02Z,91.23,91.3,0.3288392,0.0,0.023019,sim_orders
crp_btc_1772702401,BTC,BUY,2026-03-05T09:20:01Z,2026-03-05T09:32:02Z,72594.0,72694.0,0.00041326,0.0,0.041326,sim_orders
crp_aave_1772702521,AAVE,BUY,2026-03-05T09:22:01Z,2026-03-05T09:34:02Z,116.9,117.03,0.2566296,0.0,0.033362,sim_orders
crp_eth_1772703122,ETH,BUY,2026-03-05T09:32:02Z,2026-03-05T09:44:02Z,2129.19,2126.14,0.01408987,0.0,-0.042974,sim_orders
crp_sol_1772703122,SOL,BUY,2026-03-05T09:32:02Z,2026-03-05T09:44:02Z,91.3,91.4,0.32858708,0.0,0.032859,sim_orders
crp_btc_1772703122,BTC,BUY,2026-03-05T09:32:02Z,2026-03-05T09:44:02Z,72694.0,72528.0,0.00041269,0.0,-0.068507,sim_orders
crp_bnb_1772703122,BNB,BUY,2026-03-05T09:32:02Z,2026-03-05T09:44:02Z,654.72,655.11,0.04582111,0.0,0.01787,sim_orders
crp_aave_1772703482,AAVE,BUY,2026-03-05T09:38:02Z,2026-03-05T09:50:02Z,117.02,116.84,0.25636643,0.0,-0.046146,sim_orders
crp_sui_1772703482,SUI,BUY,2026-03-05T09:38:02Z,2026-03-05T09:50:02Z,0.956199,0.954724,31.37422231,0.0,-0.046277,sim_orders
crp_eth_1772703842,ETH,BUY,2026-03-05T09:44:02Z,2026-03-05T09:56:02Z,2126.14,2125.94,0.01411008,0.0,-0.002822,sim_orders
crp_sol_1772703842,SOL,BUY,2026-03-05T09:44:02Z,2026-03-05T09:56:02Z,91.4,91.24,0.32822757,0.0,-0.052516,sim_orders
crp_btc_1772703842,BTC,BUY,2026-03-05T09:44:02Z,2026-03-05T09:56:02Z,72528.0,72555.0,0.00041363,0.0,0.011168,sim_orders
crp_doge_1772703962,DOGE,BUY,2026-03-05T09:46:02Z,2026-03-05T09:58:02Z,0.096155,0.096206,311.99625604,0.0,0.015912,sim_orders
crp_bnb_1772704442,BNB,BUY,2026-03-05T09:54:02Z,2026-03-05T10:07:01Z,655.73,656.3,0.04575054,0.0,0.026078,sim_orders
crp_eth_1772704562,ETH,BUY,2026-03-05T09:56:02Z,2026-03-05T10:09:01Z,2125.94,2122.97,0.0141114,0.0,-0.041911,sim_orders
crp_sol_1772704562,SOL,BUY,2026-03-05T09:56:02Z,2026-03-05T10:09:01Z,91.24,91.17,0.32880316,0.0,-0.023016,sim_orders
crp_btc_1772704562,BTC,BUY,2026-03-05T09:56:02Z,2026-03-05T10:09:01Z,72555.0,72578.0,0.00041348,0.0,0.00951,sim_orders
crp_doge_1772704682,DOGE,BUY,2026-03-05T09:58:02Z,2026-03-05T10:11:01Z,0.096206,0.096234,311.83086294,0.0,0.008731,sim_orders
crp_sui_1772705281,SUI,BUY,2026-03-05T10:08:01Z,2026-03-05T10:20:01Z,0.955573,0.95687,31.3947757,0.0,0.040719,sim_orders
crp_bnb_1772705281,BNB,BUY,2026-03-05T10:08:01Z,2026-03-05T10:20:01Z,655.92,657.41,0.04573729,0.0,0.068149,sim_orders
crp_eth_1772705341,ETH,BUY,2026-03-05T10:09:01Z,2026-03-05T10:21:01Z,2122.97,2129.32,0.01413115,0.0,0.089733,sim_orders
crp_sol_1772705341,SOL,BUY,2026-03-05T10:09:01Z,2026-03-05T10:21:01Z,91.17,91.34,0.32905561,0.0,0.055939,sim_orders
crp_btc_1772705341,BTC,BUY,2026-03-05T10:09:01Z,2026-03-05T10:21:01Z,72578.0,72777.0,0.00041335,0.0,0.082257,sim_orders
crp_bnb_1772706001,BNB,BUY,2026-03-05T10:20:01Z,2026-03-05T10:32:01Z,657.41,661.46,0.04563362,0.0,0.184816,sim_orders
crp_eth_1772706061,ETH,BUY,2026-03-05T10:21:01Z,2026-03-05T10:33:01Z,2129.32,2144.73,0.014089,0.0,0.217111,sim_orders
crp_sol_1772706061,SOL,BUY,2026-03-05T10:21:01Z,2026-03-05T10:33:01Z,91.34,91.88,0.32844318,0.0,0.177359,sim_orders
crp_btc_1772706061,BTC,BUY,2026-03-05T10:21:01Z,2026-03-05T10:33:01Z,72777.0,73189.0,0.00041222,0.0,0.169835,sim_orders
crp_doge_1772706481,DOGE,BUY,2026-03-05T10:28:01Z,2026-03-05T10:36:01Z,0.09624,0.097346,311.72069825,0.0,0.344763,sim_orders
crp_sui_1772706541,SUI,BUY,2026-03-05T10:29:01Z,2026-03-05T10:36:01Z,0.95587,0.96657,31.38502098,0.0,0.33582,sim_orders
crp_btc_1772706781,BTC,BUY,2026-03-05T10:33:01Z,2026-03-05T10:45:01Z,73189.0,73280.0,0.0004099,0.0,0.037301,sim_orders
crp_eth_1772706781,ETH,BUY,2026-03-05T10:33:01Z,2026-03-05T10:45:01Z,2144.73,2150.57,0.01398777,0.0,0.081689,sim_orders
crp_sol_1772706781,SOL,BUY,2026-03-05T10:33:01Z,2026-03-05T10:45:01Z,91.88,92.43,0.32651284,0.0,0.179582,sim_orders
crp_xrp_1772706901,XRP,BUY,2026-03-05T10:35:01Z,2026-03-05T10:47:01Z,1.44,1.44,20.83333333,0.0,0.0,sim_orders
crp_aave_1772707501,AAVE,BUY,2026-03-05T10:45:01Z,2026-03-05T10:57:01Z,118.33,118.55,0.25352827,0.0,0.055776,sim_orders
crp_sol_1772707501,SOL,BUY,2026-03-05T10:45:01Z,2026-03-05T10:57:01Z,92.43,92.57,0.32456994,0.0,0.04544,sim_orders
crp_btc_1772707501,BTC,BUY,2026-03-05T10:45:01Z,2026-03-05T10:57:01Z,73280.0,73425.0,0.00040939,0.0,0.059362,sim_orders
crp_eth_1772707501,ETH,BUY,2026-03-05T10:45:01Z,2026-03-05T10:57:01Z,2150.57,2157.93,0.01394979,0.0,0.10267,sim_orders
crp_xrp_1772707861,XRP,BUY,2026-03-05T10:51:01Z,2026-03-05T11:03:01Z,1.45,1.45,20.68965517,0.0,0.0,sim_orders
crp_bnb_1772708041,BNB,BUY,2026-03-05T10:54:01Z,2026-03-05T11:06:01Z,664.23,663.35,0.04516508,0.0,-0.039745,sim_orders
crp_aave_1772708221,AAVE,BUY,2026-03-05T10:57:01Z,2026-03-05T11:09:02Z,118.55,118.34,0.25305778,0.0,-0.053142,sim_orders
crp_eth_1772708221,ETH,BUY,2026-03-05T10:57:01Z,2026-03-05T11:09:02Z,2157.93,2150.13,0.01390221,0.0,-0.108437,sim_orders
crp_sol_1772708221,SOL,BUY,2026-03-05T10:57:01Z,2026-03-05T11:09:02Z,92.57,92.51,0.32407908,0.0,-0.019445,sim_orders
crp_btc_1772708341,BTC,BUY,2026-03-05T10:59:01Z,2026-03-05T11:11:02Z,73519.0,73145.0,0.00040806,0.0,-0.152614,sim_orders
crp_op_1772708822,OP,BUY,2026-03-05T11:07:02Z,2026-03-05T11:19:02Z,0.130069,0.129466,230.64681054,0.0,-0.13908,sim_orders
crp_aave_1772735521,AAVE,BUY,2026-03-05T18:32:01Z,2026-03-05T18:44:01Z,116.25,117.49,0.25806452,0.0,0.32,sim_orders
crp_aave_1772736241,AAVE,BUY,2026-03-05T18:44:01Z,2026-03-05T18:56:01Z,117.49,117.94,0.25534088,0.0,0.114903,sim_orders
crp_sui_1772737321,SUI,BUY,2026-03-05T19:02:01Z,2026-03-05T19:14:01Z,0.94745,0.954641,31.66394005,0.0,0.227695,sim_orders
crp_aave_1772737441,AAVE,BUY,2026-03-05T19:04:01Z,2026-03-05T19:16:01Z,117.89,118.38,0.25447451,0.0,0.124693,sim_orders
crp_sui_1772738041,SUI,BUY,2026-03-05T19:14:01Z,2026-03-05T19:26:01Z,0.954641,0.963829,31.42542589,0.0,0.288737,sim_orders
crp_aave_1772738161,AAVE,BUY,2026-03-05T19:16:01Z,2026-03-05T19:28:01Z,118.38,119.08,0.25342119,0.0,0.177395,sim_orders
crp_aave_1772738881,AAVE,BUY,2026-03-05T19:28:01Z,2026-03-05T19:40:01Z,119.08,118.57,0.25193147,0.0,-0.128485,sim_orders
crp_aave_1772739961,AAVE,BUY,2026-03-05T19:46:01Z,2026-03-05T19:58:01Z,118.74,118.71,0.25265285,0.0,-0.00758,sim_orders
crp_sui_1772741761,SUI,BUY,2026-03-05T20:16:01Z,2026-03-05T20:28:01Z,0.958769,0.962526,31.29012306,0.0,0.117557,sim_orders
crp_aave_1772741881,AAVE,BUY,2026-03-05T20:18:01Z,2026-03-05T20:30:01Z,118.85,119.16,0.25241902,0.0,0.07825,sim_orders
crp_op_1772742121,OP,BUY,2026-03-05T20:22:01Z,2026-03-05T20:34:01Z,0.126427,0.126989,237.29108497,0.0,0.133358,sim_orders
crp_link_1772742361,LINK,BUY,2026-03-05T20:26:01Z,2026-03-05T20:38:01Z,9.25,9.27,3.24324324,0.0,0.064865,sim_orders
crp_btc_1772742481,BTC,BUY,2026-03-05T20:28:01Z,2026-03-05T20:40:01Z,71320.0,71338.0,0.00042064,0.0,0.007572,sim_orders
crp_aave_1772742601,AAVE,BUY,2026-03-05T20:30:01Z,2026-03-05T20:42:02Z,119.16,119.28,0.25176234,0.0,0.030211,sim_orders
crp_sui_1772742721,SUI,BUY,2026-03-05T20:32:01Z,2026-03-05T20:44:02Z,0.96265,0.961639,31.16397445,0.0,-0.031507,sim_orders
crp_op_1772742841,OP,BUY,2026-03-05T20:34:01Z,2026-03-05T20:46:02Z,0.126989,0.126874,236.24093425,0.0,-0.027168,sim_orders
crp_arb_1772742961,ARB,BUY,2026-03-05T20:36:01Z,2026-03-05T20:48:02Z,0.104162,0.103927,288.01290298,0.0,-0.067683,sim_orders
crp_btc_1772743201,BTC,BUY,2026-03-05T20:40:01Z,2026-03-05T20:52:01Z,71338.0,71177.0,0.00042053,0.0,-0.067705,sim_orders
crp_link_1772743201,LINK,BUY,2026-03-05T20:40:01Z,2026-03-05T20:52:01Z,9.27,9.25,3.23624595,0.0,-0.064725,sim_orders
crp_aave_1772743322,AAVE,BUY,2026-03-05T20:42:02Z,2026-03-05T20:54:01Z,119.28,118.56,0.25150905,0.0,-0.181087,sim_orders
crp_op_1772743562,OP,BUY,2026-03-05T20:46:02Z,2026-03-05T20:59:01Z,0.126874,0.126634,236.45506566,0.0,-0.056749,sim_orders
crp_aave_1772746381,AAVE,BUY,2026-03-05T21:33:01Z,2026-03-05T21:44:01Z,119.24,118.55,0.25159343,0.0,-0.173599,sim_orders
crp_btc_1772746381,BTC,BUY,2026-03-05T21:33:01Z,2026-03-05T21:45:01Z,71520.0,71178.0,0.00041946,0.0,-0.143455,sim_orders
crp_near_1772760242,NEAR,BUY,2026-03-06T01:24:02Z,2026-03-06T01:32:01Z,1.27,1.26,23.62204724,0.0,-0.23622,sim_orders
crp_near_1772760721,NEAR,BUY,2026-03-06T01:32:01Z,2026-03-06T01:40:01Z,1.26,1.28,23.80952381,0.0,0.47619,sim_orders
crp_near_1772761201,NEAR,BUY,2026-03-06T01:40:01Z,2026-03-06T01:52:01Z,1.28,1.29,23.4375,0.0,0.234375,sim_orders
crp_near_1772761921,NEAR,BUY,2026-03-06T01:52:01Z,2026-03-06T02:04:01Z,1.29,1.29,23.25581395,0.0,0.0,sim_orders
crp_op_1772761921,OP,BUY,2026-03-06T01:52:01Z,2026-03-06T02:04:01Z,0.126572,0.126666,237.01924596,0.0,0.02228,sim_orders
crp_aave_1772761921,AAVE,BUY,2026-03-06T01:52:01Z,2026-03-06T02:04:01Z,117.95,117.97,0.25434506,0.0,0.005087,sim_orders
crp_sui_1772762041,SUI,BUY,2026-03-06T01:54:01Z,2026-03-06T02:06:01Z,0.95981,0.957614,31.25618612,0.0,-0.068639,sim_orders
crp_link_1772762041,LINK,BUY,2026-03-06T01:54:01Z,2026-03-06T02:06:01Z,9.28,9.27,3.23275862,0.0,-0.032328,sim_orders
crp_near_1772762641,NEAR,BUY,2026-03-06T02:04:01Z,2026-03-06T02:16:01Z,1.29,1.29,23.25581395,0.0,0.0,sim_orders
crp_op_1772762641,OP,BUY,2026-03-06T02:04:01Z,2026-03-06T02:16:01Z,0.126666,0.126947,236.84335181,0.0,0.066553,sim_orders
crp_near_1772763361,NEAR,BUY,2026-03-06T02:16:01Z,2026-03-06T02:20:01Z,1.29,1.28,23.25581395,0.0,-0.232558,sim_orders
crp_aave_1772763121,AAVE,BUY,2026-03-06T02:12:01Z,2026-03-06T02:24:01Z,118.02,118.04,0.2541942,0.0,0.005084,sim_orders
crp_eth_1772763241,ETH,BUY,2026-03-06T02:14:01Z,2026-03-06T02:26:01Z,2087.94,2082.88,0.01436823,0.0,-0.072703,sim_orders
crp_op_1772763361,OP,BUY,2026-03-06T02:16:01Z,2026-03-06T02:28:01Z,0.126947,0.126818,236.3190938,0.0,-0.030485,sim_orders
crp_sol_1772763361,SOL,BUY,2026-03-06T02:16:01Z,2026-03-06T02:28:01Z,89.11,88.55,0.33666255,0.0,-0.188531,sim_orders
crp_btc_1772763361,BTC,BUY,2026-03-06T02:16:01Z,2026-03-06T02:28:01Z,71336.0,71301.0,0.00042055,0.0,-0.014719,sim_orders
crp_link_1772763361,LINK,BUY,2026-03-06T02:16:01Z,2026-03-06T02:28:01Z,9.27,9.26,3.23624595,0.0,-0.032362,sim_orders
crp_near_1772763601,NEAR,BUY,2026-03-06T02:20:01Z,2026-03-06T02:28:01Z,1.28,1.27,23.4375,0.0,-0.234375,sim_orders
crp_near_1772789881,NEAR,BUY,2026-03-06T09:38:01Z,2026-03-06T09:50:01Z,1.26,1.26,23.80952381,0.0,0.0,sim_orders
crp_near_1772790601,NEAR,BUY,2026-03-06T09:50:01Z,2026-03-06T10:02:01Z,1.26,1.26,23.80952381,0.0,0.0,sim_orders
crp_near_1772791321,NEAR,BUY,2026-03-06T10:02:01Z,2026-03-06T10:14:01Z,1.26,1.26,23.80952381,0.0,0.0,sim_orders
crp_near_1772792041,NEAR,BUY,2026-03-06T10:14:01Z,2026-03-06T10:26:01Z,1.26,1.26,23.80952381,0.0,0.0,sim_orders
crp_near_1772792761,NEAR,BUY,2026-03-06T10:26:01Z,2026-03-06T10:38:01Z,1.26,1.26,23.80952381,0.0,0.0,sim_orders
crp_near_1772795881,NEAR,BUY,2026-03-06T11:18:01Z,2026-03-06T11:30:01Z,1.26,1.26,23.80952381,0.0,0.0,sim_orders
crp_near_1772797561,NEAR,BUY,2026-03-06T11:46:01Z,2026-03-06T11:48:01Z,1.26,1.25,23.80952381,0.0,-0.238095,sim_orders
crp_near_1772797681,NEAR,BUY,2026-03-06T11:48:01Z,2026-03-06T12:00:01Z,1.25,1.25,24.0,0.0,0.0,sim_orders
crp_near_1772798401,NEAR,BUY,2026-03-06T12:00:01Z,2026-03-06T12:12:01Z,1.25,1.25,24.0,0.0,0.0,sim_orders
crp_near_1772812201,NEAR,BUY,2026-03-06T15:50:01Z,2026-03-06T16:02:01Z,1.23,1.23,24.3902439,0.0,0.0,sim_orders
crp_near_1772813281,NEAR,BUY,2026-03-06T16:08:01Z,2026-03-06T16:20:01Z,1.23,1.23,24.3902439,0.0,0.0,sim_orders
crp_near_1772814001,NEAR,BUY,2026-03-06T16:20:01Z,2026-03-06T16:32:01Z,1.23,1.23,24.3902439,0.0,0.0,sim_orders
crp_near_1772817721,NEAR,BUY,2026-03-06T17:22:01Z,2026-03-06T17:34:01Z,1.23,1.23,24.3902439,0.0,0.0,sim_orders
crp_near_1772818441,NEAR,BUY,2026-03-06T17:34:01Z,2026-03-06T17:42:01Z,1.23,1.22,24.3902439,0.0,-0.243902,sim_orders
crp_near_1772818921,NEAR,BUY,2026-03-06T17:42:01Z,2026-03-06T17:54:01Z,1.22,1.22,24.59016393,0.0,0.0,sim_orders
crp_near_1772819641,NEAR,BUY,2026-03-06T17:54:01Z,2026-03-06T18:06:01Z,1.22,1.22,24.59016393,0.0,0.0,sim_orders
crp_near_1772820361,NEAR,BUY,2026-03-06T18:06:01Z,2026-03-06T18:18:01Z,1.22,1.23,24.59016393,0.0,0.245902,sim_orders
crp_near_1772821081,NEAR,BUY,2026-03-06T18:18:01Z,2026-03-06T18:30:01Z,1.23,1.23,24.3902439,0.0,0.0,sim_orders
crp_near_1772821801,NEAR,BUY,2026-03-06T18:30:01Z,2026-03-06T18:42:01Z,1.23,1.23,24.3902439,0.0,0.0,sim_orders
crp_near_1772822521,NEAR,BUY,2026-03-06T18:42:01Z,2026-03-06T18:54:01Z,1.23,1.24,24.3902439,0.0,0.243902,sim_orders
crp_near_1772825761,NEAR,BUY,2026-03-06T19:36:01Z,2026-03-06T19:48:01Z,1.23,1.23,24.3902439,0.0,0.0,sim_orders
crp_near_1772826481,NEAR,BUY,2026-03-06T19:48:01Z,2026-03-06T20:00:01Z,1.23,1.23,24.3902439,0.0,0.0,sim_orders
crp_near_1772827321,NEAR,BUY,2026-03-06T20:02:01Z,2026-03-06T20:14:01Z,1.23,1.23,24.3902439,0.0,0.0,sim_orders
crp_doge_1772834761,DOGE,BUY,2026-03-06T22:06:01Z,2026-03-06T22:18:01Z,0.091119,0.091066,329.23978534,0.0,-0.01745,sim_orders
crp_doge_1772835721,DOGE,BUY,2026-03-06T22:22:01Z,2026-03-06T22:34:01Z,0.091107,0.091261,329.28315058,0.0,0.05071,sim_orders
crp_doge_1772836561,DOGE,BUY,2026-03-06T22:36:01Z,2026-03-06T22:48:01Z,0.091269,0.091504,328.69868192,0.0,0.077244,sim_orders
crp_doge_1772840881,DOGE,BUY,2026-03-06T23:48:01Z,2026-03-07T00:00:01Z,0.091281,0.091266,328.65547047,0.0,-0.00493,sim_orders
crp_doge_1772842321,DOGE,BUY,2026-03-07T00:12:01Z,2026-03-07T00:24:01Z,0.091383,0.091381,328.28863136,0.0,-0.000657,sim_orders
crp_doge_1772843281,DOGE,BUY,2026-03-07T00:28:01Z,2026-03-07T00:40:01Z,0.091422,0.091457,328.14858568,0.0,0.011485,sim_orders
crp_doge_1772844001,DOGE,BUY,2026-03-07T00:40:01Z,2026-03-07T00:52:01Z,0.091457,0.09142,328.02300535,0.0,-0.012137,sim_orders
crp_doge_1772845561,DOGE,BUY,2026-03-07T01:06:01Z,2026-03-07T01:18:01Z,0.091528,0.091521,327.7685517,0.0,-0.002294,sim_orders
crp_doge_1772853361,DOGE,BUY,2026-03-07T03:16:01Z,2026-03-07T03:28:01Z,0.091682,0.091848,327.21799263,0.0,0.054318,sim_orders
crp_eth_1772870761,ETH,BUY,2026-03-07T08:06:01Z,2026-03-07T08:18:01Z,1982.02,1984.04,0.01513607,0.0,0.030575,sim_orders
crp_ltc_1772871361,LTC,BUY,2026-03-07T08:16:01Z,2026-03-07T08:28:01Z,53.93,54.08,0.55627665,0.0,0.083441,sim_orders
crp_eth_1772871481,ETH,BUY,2026-03-07T08:18:01Z,2026-03-07T08:30:01Z,1984.04,1985.73,0.01512066,0.0,0.025554,sim_orders
crp_sol_1772871601,SOL,BUY,2026-03-07T08:20:01Z,2026-03-07T08:32:01Z,84.24,84.39,0.35612536,0.0,0.053419,sim_orders
crp_ltc_1772872081,LTC,BUY,2026-03-07T08:28:01Z,2026-03-07T08:40:01Z,54.08,54.19,0.55473373,0.0,0.061021,sim_orders
crp_eth_1772872201,ETH,BUY,2026-03-07T08:30:01Z,2026-03-07T08:42:01Z,1985.73,1983.46,0.01510779,0.0,-0.034295,sim_orders
crp_sui_1772872321,SUI,BUY,2026-03-07T08:32:01Z,2026-03-07T08:44:01Z,0.905706,0.907165,33.12333141,0.0,0.048327,sim_orders
crp_sol_1772872321,SOL,BUY,2026-03-07T08:32:01Z,2026-03-07T08:44:01Z,84.39,84.48,0.35549236,0.0,0.031994,sim_orders
crp_ltc_1772872801,LTC,BUY,2026-03-07T08:40:01Z,2026-03-07T08:52:01Z,54.19,54.22,0.55360768,0.0,0.016608,sim_orders
crp_flow_1772873881,FLOW,BUY,2026-03-07T08:58:01Z,2026-03-07T09:00:02Z,0.043731,0.042979,686.00609311,0.0,-0.515595,sim_orders
crp_sui_1772873521,SUI,BUY,2026-03-07T08:52:01Z,2026-03-07T09:04:02Z,0.90659,0.904963,33.09103343,0.0,-0.053839,sim_orders
crp_ltc_1772873521,LTC,BUY,2026-03-07T08:52:01Z,2026-03-07T09:04:02Z,54.22,54.12,0.55330136,0.0,-0.05533,sim_orders
crp_sol_1772873641,SOL,BUY,2026-03-07T08:54:01Z,2026-03-07T09:06:02Z,84.49,84.32,0.35507161,0.0,-0.060362,sim_orders
crp_flow_1772874002,FLOW,BUY,2026-03-07T09:00:02Z,2026-03-07T09:08:02Z,0.042979,0.042546,698.00865112,0.0,-0.302447,sim_orders
crp_xrp_1772882161,XRP,BUY,2026-03-07T11:16:01Z,2026-03-07T11:28:01Z,1.37,1.37,21.89781022,0.0,0.0,sim_orders
crp_eth_1772882161,ETH,BUY,2026-03-07T11:16:01Z,2026-03-07T11:28:01Z,1990.44,1988.78,0.01507204,0.0,-0.02502,sim_orders
crp_sol_1772883721,SOL,BUY,2026-03-07T11:42:01Z,2026-03-07T11:54:01Z,84.74,84.74,0.35402407,0.0,0.0,sim_orders
crp_doge_1772884081,DOGE,BUY,2026-03-07T11:48:01Z,2026-03-07T12:00:01Z,0.09051,0.090594,331.45508784,0.0,0.027842,sim_orders
crp_eth_1772884441,ETH,BUY,2026-03-07T11:54:01Z,2026-03-07T12:06:01Z,1988.28,1989.1,0.01508842,0.0,0.012373,sim_orders
crp_link_1772884681,LINK,BUY,2026-03-07T11:58:01Z,2026-03-07T12:10:01Z,8.81,8.8,3.40522134,0.0,-0.034052,sim_orders
crp_eth_1772885161,ETH,BUY,2026-03-07T12:06:01Z,2026-03-07T12:18:01Z,1989.1,1987.65,0.0150822,0.0,-0.021869,sim_orders
crp_sui_1772885881,SUI,BUY,2026-03-07T12:18:01Z,2026-03-07T12:30:01Z,0.905581,0.905885,33.12790352,0.0,0.010071,sim_orders
crp_eth_1772885881,ETH,BUY,2026-03-07T12:18:01Z,2026-03-07T12:30:01Z,1987.65,1987.61,0.0150932,0.0,-0.000604,sim_orders
crp_eth_1772887081,ETH,BUY,2026-03-07T12:38:01Z,2026-03-07T12:50:01Z,1986.36,1982.48,0.015103,0.0,-0.0586,sim_orders
crp_sui_1772892121,SUI,BUY,2026-03-07T14:02:01Z,2026-03-07T14:10:01Z,0.902863,0.897806,33.22763254,0.0,-0.168032,sim_orders
crp_flow_1772899561,FLOW,BUY,2026-03-07T16:06:01Z,2026-03-07T16:14:01Z,0.042801,0.042546,700.92540845,0.0,-0.179002,sim_orders
crp_sui_1772903761,SUI,BUY,2026-03-07T17:16:01Z,2026-03-07T17:28:01Z,0.904598,0.904726,33.16390264,0.0,0.004245,sim_orders
crp_xrp_1772903761,XRP,BUY,2026-03-07T17:16:01Z,2026-03-07T17:28:01Z,1.36,1.36,22.05882353,0.0,0.0,sim_orders
crp_link_1772904721,LINK,BUY,2026-03-07T17:32:01Z,2026-03-07T17:44:02Z,8.8,8.8,3.40909091,0.0,0.0,sim_orders
crp_avax_1772904721,AVAX,BUY,2026-03-07T17:32:01Z,2026-03-07T17:44:02Z,9.0,9.01,3.33333333,0.0,0.033333,sim_orders
crp_xrp_1772904721,XRP,BUY,2026-03-07T17:32:01Z,2026-03-07T17:44:02Z,1.36,1.36,22.05882353,0.0,0.0,sim_orders
crp_flow_1772905322,FLOW,BUY,2026-03-07T17:42:02Z,2026-03-07T17:48:02Z,0.043081,0.042784,696.36702999,0.0,-0.206535,sim_orders
crp_sui_1772905442,SUI,BUY,2026-03-07T17:44:02Z,2026-03-07T17:56:02Z,0.903858,0.904031,33.19105435,0.0,0.005742,sim_orders
crp_link_1772905562,LINK,BUY,2026-03-07T17:46:02Z,2026-03-07T17:59:01Z,8.8,8.8,3.40909091,0.0,0.0,sim_orders
crp_flow_1772905802,FLOW,BUY,2026-03-07T17:50:02Z,2026-03-07T18:03:01Z,0.04289,0.042828,699.46390755,0.0,-0.043451,sim_orders
crp_avax_1772906042,AVAX,BUY,2026-03-07T17:54:02Z,2026-03-07T18:07:01Z,9.01,8.98,3.32963374,0.0,-0.099889,sim_orders
crp_ltc_1772906162,LTC,BUY,2026-03-07T17:56:02Z,2026-03-07T18:09:01Z,53.94,53.78,0.55617353,0.0,-0.088988,sim_orders
crp_flow_1772908681,FLOW,BUY,2026-03-07T18:38:01Z,2026-03-07T18:50:01Z,0.042738,0.043067,701.94764734,0.0,0.230934,sim_orders
crp_flow_1772909401,FLOW,BUY,2026-03-07T18:50:01Z,2026-03-07T19:02:01Z,0.043067,0.043319,696.58919743,0.0,0.175408,sim_orders
crp_flow_1772910121,FLOW,BUY,2026-03-07T19:02:01Z,2026-03-07T19:14:01Z,0.043319,0.043301,692.53979969,0.0,-0.01277,sim_orders
crp_flow_1772910841,FLOW,BUY,2026-03-07T19:14:01Z,2026-03-07T19:26:01Z,0.043301,0.04318,692.83168624,0.0,-0.083833,sim_orders
crp_flow_1772911561,FLOW,BUY,2026-03-07T19:26:01Z,2026-03-07T19:38:02Z,0.04318,0.043124,694.76609541,0.0,-0.039185,sim_orders
crp_flow_1772931361,FLOW,BUY,2026-03-08T00:56:01Z,2026-03-08T01:02:01Z,0.044167,0.043836,679.24215594,0.0,-0.225013,sim_orders
crp_flow_1772943961,FLOW,BUY,2026-03-08T04:26:01Z,2026-03-08T04:30:01Z,0.045106,0.045526,665.10308322,0.0,0.279636,sim_orders
crp_flow_1772944201,FLOW,BUY,2026-03-08T04:30:01Z,2026-03-08T04:32:01Z,0.045526,0.045271,658.95773972,0.0,-0.168212,sim_orders
crp_flow_1772944321,FLOW,BUY,2026-03-08T04:32:01Z,2026-03-08T04:38:01Z,0.045271,0.045761,662.6798375,0.0,0.324839,sim_orders
crp_flow_1772944681,FLOW,BUY,2026-03-08T04:38:01Z,2026-03-08T04:46:01Z,0.045761,0.04547,655.57735714,0.0,-0.190898,sim_orders
crp_flow_1772945161,FLOW,BUY,2026-03-08T04:46:01Z,2026-03-08T04:58:01Z,0.04547,0.045601,659.77843321,0.0,0.086682,sim_orders
crp_flow_1772945881,FLOW,BUY,2026-03-08T04:58:01Z,2026-03-08T05:08:01Z,0.045601,0.046092,657.87482747,0.0,0.323286,sim_orders
crp_flow_1772946481,FLOW,BUY,2026-03-08T05:08:01Z,2026-03-08T05:20:01Z,0.046092,0.045814,650.86637908,0.0,-0.180687,sim_orders
crp_flow_1772947201,FLOW,BUY,2026-03-08T05:20:01Z,2026-03-08T05:32:01Z,0.045814,0.045811,654.81609599,0.0,-0.001683,sim_orders
crp_flow_1772947921,FLOW,BUY,2026-03-08T05:32:01Z,2026-03-08T05:44:01Z,0.045811,0.04589,654.85840542,0.0,0.051721,sim_orders
crp_flow_1772948641,FLOW,BUY,2026-03-08T05:44:01Z,2026-03-08T05:56:01Z,0.04589,0.045887,653.73748256,0.0,-0.002282,sim_orders
crp_flow_1772949361,FLOW,BUY,2026-03-08T05:56:01Z,2026-03-08T06:08:01Z,0.045887,0.045934,653.78691907,0.0,0.030591,sim_orders
crp_flow_1772950081,FLOW,BUY,2026-03-08T06:08:01Z,2026-03-08T06:20:01Z,0.045934,0.045738,653.11397122,0.0,-0.128278,sim_orders
crp_flow_1772950801,FLOW,BUY,2026-03-08T06:20:01Z,2026-03-08T06:32:01Z,0.045738,0.045442,655.91562651,0.0,-0.194413,sim_orders
crp_flow_1772951521,FLOW,BUY,2026-03-08T06:32:01Z,2026-03-08T06:44:01Z,0.045442,0.045317,660.18802155,0.0,-0.082471,sim_orders
crp_flow_1772953321,FLOW,BUY,2026-03-08T07:02:01Z,2026-03-08T07:14:02Z,0.044731,0.044189,670.67656734,0.0,-0.363829,sim_orders
crp_flow_1772954042,FLOW,BUY,2026-03-08T07:14:02Z,2026-03-08T07:27:01Z,0.044189,0.044273,678.90936379,0.0,0.057341,sim_orders
crp_flow_1772954821,FLOW,BUY,2026-03-08T07:27:01Z,2026-03-08T07:39:01Z,0.044273,0.044178,677.60685521,0.0,-0.064244,sim_orders
crp_flow_1772955541,FLOW,BUY,2026-03-08T07:39:01Z,2026-03-08T07:46:01Z,0.044178,0.043814,679.06811031,0.0,-0.247215,sim_orders
crp_flow_1772955961,FLOW,BUY,2026-03-08T07:46:01Z,2026-03-08T07:58:01Z,0.043814,0.043617,684.71343031,0.0,-0.134772,sim_orders
crp_near_1773007501,NEAR,BUY,2026-03-08T22:05:01Z,2026-03-08T22:06:01Z,1.22,1.21,24.59016393,0.0,-0.245902,sim_orders
crp_near_1773009601,NEAR,BUY,2026-03-08T22:40:01Z,2026-03-08T22:52:01Z,1.21,1.22,24.79338843,0.0,0.247934,sim_orders
crp_near_1773010321,NEAR,BUY,2026-03-08T22:52:01Z,2026-03-08T23:04:02Z,1.22,1.22,24.59016393,0.0,0.0,sim_orders
crp_near_1773011042,NEAR,BUY,2026-03-08T23:04:02Z,2026-03-08T23:17:01Z,1.22,1.22,24.59016393,0.0,0.0,sim_orders
crp_near_1773011821,NEAR,BUY,2026-03-08T23:17:01Z,2026-03-08T23:29:01Z,1.22,1.22,24.59016393,0.0,0.0,sim_orders
crp_near_1773012541,NEAR,BUY,2026-03-08T23:29:01Z,2026-03-08T23:41:01Z,1.22,1.22,24.59016393,0.0,0.0,sim_orders
crp_near_1773013261,NEAR,BUY,2026-03-08T23:41:01Z,2026-03-08T23:44:01Z,1.22,1.21,24.59016393,0.0,-0.245902,sim_orders
crp_near_1773013441,NEAR,BUY,2026-03-08T23:44:01Z,2026-03-08T23:56:01Z,1.21,1.21,24.79338843,0.0,0.0,sim_orders
crp_aave_1773015361,AAVE,BUY,2026-03-09T00:16:01Z,2026-03-09T00:28:01Z,106.19,106.1,0.28251248,0.0,-0.025426,sim_orders
crp_doge_1773015361,DOGE,BUY,2026-03-09T00:16:01Z,2026-03-09T00:28:01Z,0.089724,0.089478,334.35870001,0.0,-0.082252,sim_orders
crp_aave_1773016441,AAVE,BUY,2026-03-09T00:34:01Z,2026-03-09T00:46:01Z,106.35,106.88,0.28208745,0.0,0.149506,sim_orders
crp_doge_1773016441,DOGE,BUY,2026-03-09T00:34:01Z,2026-03-09T00:46:01Z,0.089597,0.089993,334.83263949,0.0,0.132594,sim_orders
crp_near_1773016561,NEAR,BUY,2026-03-09T00:36:01Z,2026-03-09T00:48:01Z,1.22,1.22,24.59016393,0.0,0.0,sim_orders
crp_trx_1773017161,TRX,BUY,2026-03-09T00:46:01Z,2026-03-09T00:58:01Z,0.28964,0.289526,103.57685403,0.0,-0.011808,sim_orders
crp_eth_1773017161,ETH,BUY,2026-03-09T00:46:01Z,2026-03-09T00:58:01Z,1954.87,1948.07,0.01534629,0.0,-0.104355,sim_orders
crp_near_1773017281,NEAR,BUY,2026-03-09T00:48:01Z,2026-03-09T01:00:01Z,1.22,1.22,24.59016393,0.0,0.0,sim_orders
crp_near_1773018001,NEAR,BUY,2026-03-09T01:00:01Z,2026-03-09T01:12:01Z,1.22,1.22,24.59016393,0.0,0.0,sim_orders
crp_flow_1773018601,FLOW,BUY,2026-03-09T01:10:01Z,2026-03-09T01:20:01Z,0.043464,0.043159,690.23099961,0.0,-0.210721,sim_orders
crp_trx_1773019801,TRX,BUY,2026-03-09T01:30:01Z,2026-03-09T01:42:02Z,0.289648,0.28952,103.57399326,0.0,-0.013257,sim_orders
crp_eth_1773019921,ETH,BUY,2026-03-09T01:32:01Z,2026-03-09T01:44:02Z,1951.35,1958.42,0.01537397,0.0,0.108694,sim_orders
crp_aave_1773020041,AAVE,BUY,2026-03-09T01:34:01Z,2026-03-09T01:46:02Z,106.48,106.74,0.28174305,0.0,0.073253,sim_orders
crp_doge_1773020161,DOGE,BUY,2026-03-09T01:36:01Z,2026-03-09T01:48:01Z,0.089737,0.08984,334.31026221,0.0,0.034434,sim_orders
crp_trx_1773020642,TRX,BUY,2026-03-09T01:44:02Z,2026-03-09T01:57:01Z,0.289556,0.289613,103.6069016,0.0,0.005906,sim_orders
crp_eth_1773020762,ETH,BUY,2026-03-09T01:46:02Z,2026-03-09T01:59:01Z,1958.27,1951.38,0.01531964,0.0,-0.105552,sim_orders
crp_eth_1773024121,ETH,BUY,2026-03-09T02:42:01Z,2026-03-09T02:54:01Z,1956.94,1960.08,0.01533006,0.0,0.048136,sim_orders
crp_eth_1773025321,ETH,BUY,2026-03-09T03:02:01Z,2026-03-09T03:12:01Z,1959.96,1982.32,0.01530643,0.0,0.342252,sim_orders
crp_eth_1773025921,ETH,BUY,2026-03-09T03:12:01Z,2026-03-09T03:24:01Z,1982.32,1989.7,0.01513378,0.0,0.111687,sim_orders
crp_near_1773026041,NEAR,BUY,2026-03-09T03:14:01Z,2026-03-09T03:26:01Z,1.25,1.26,24.0,0.0,0.24,sim_orders
crp_sui_1773026041,SUI,BUY,2026-03-09T03:14:01Z,2026-03-09T03:26:01Z,0.899251,0.898752,33.36109718,0.0,-0.016647,sim_orders
crp_aave_1773026161,AAVE,BUY,2026-03-09T03:16:01Z,2026-03-09T03:28:01Z,107.73,107.65,0.27847396,0.0,-0.022278,sim_orders
crp_doge_1773026161,DOGE,BUY,2026-03-09T03:16:01Z,2026-03-09T03:28:01Z,0.090835,0.090829,330.26916937,0.0,-0.001982,sim_orders
crp_trx_1773026161,TRX,BUY,2026-03-09T03:16:01Z,2026-03-09T03:28:01Z,0.289791,0.29066,103.52288373,0.0,0.089961,sim_orders
crp_near_1773026761,NEAR,BUY,2026-03-09T03:26:01Z,2026-03-09T03:28:01Z,1.26,1.25,23.80952381,0.0,-0.238095,sim_orders
crp_near_1773026881,NEAR,BUY,2026-03-09T03:28:01Z,2026-03-09T03:40:01Z,1.25,1.24,24.0,0.0,-0.24,sim_orders
crp_flow_1773026881,FLOW,BUY,2026-03-09T03:28:01Z,2026-03-09T03:40:01Z,0.042715,0.042813,702.33514731,0.0,0.068962,sim_orders
crp_trx_1773027001,TRX,BUY,2026-03-09T03:30:01Z,2026-03-09T03:42:01Z,0.290699,0.290773,103.19952941,0.0,0.007637,sim_orders
crp_near_1773028561,NEAR,BUY,2026-03-09T03:56:01Z,2026-03-09T04:08:01Z,1.24,1.24,24.19354839,0.0,0.0,sim_orders
crp_near_1773029401,NEAR,BUY,2026-03-09T04:10:01Z,2026-03-09T04:22:01Z,1.24,1.24,24.19354839,0.0,0.0,sim_orders
crp_near_1773030361,NEAR,BUY,2026-03-09T04:26:01Z,2026-03-09T04:38:01Z,1.24,1.25,24.19354839,0.0,0.241935,sim_orders
crp_eth_1773030361,ETH,BUY,2026-03-09T04:26:01Z,2026-03-09T04:38:01Z,1981.93,1985.55,0.01513676,0.0,0.054795,sim_orders
crp_sui_1773030601,SUI,BUY,2026-03-09T04:30:01Z,2026-03-09T04:42:01Z,0.901571,0.904145,33.27524954,0.0,0.08565,sim_orders
crp_near_1773031081,NEAR,BUY,2026-03-09T04:38:01Z,2026-03-09T04:50:01Z,1.25,1.24,24.0,0.0,-0.24,sim_orders
crp_aave_1773031081,AAVE,BUY,2026-03-09T04:38:01Z,2026-03-09T04:50:01Z,107.39,107.27,0.27935562,0.0,-0.033523,sim_orders
crp_eth_1773031201,ETH,BUY,2026-03-09T04:40:01Z,2026-03-09T04:52:01Z,1985.59,1984.24,0.01510886,0.0,-0.020397,sim_orders
crp_near_1773031801,NEAR,BUY,2026-03-09T04:50:01Z,2026-03-09T05:02:01Z,1.24,1.24,24.19354839,0.0,0.0,sim_orders
crp_flow_1773051961,FLOW,BUY,2026-03-09T10:26:01Z,2026-03-09T10:38:01Z,0.044539,0.044955,673.56305426,0.0,0.280492,sim_orders
crp_flow_1773052681,FLOW,BUY,2026-03-09T10:38:01Z,2026-03-09T10:42:02Z,0.044955,0.045558,667.3276176,0.0,0.402312,sim_orders
crp_flow_1773052922,FLOW,BUY,2026-03-09T10:42:02Z,2026-03-09T10:44:02Z,0.045558,0.046169,658.50313019,0.0,0.402615,sim_orders
crp_flow_1773053042,FLOW,BUY,2026-03-09T10:44:02Z,2026-03-09T10:48:02Z,0.046169,0.046901,649.78088306,0.0,0.475744,sim_orders
crp_flow_1773053402,FLOW,BUY,2026-03-09T10:50:02Z,2026-03-09T10:54:01Z,0.04677,0.046079,641.43668133,0.0,-0.443239,sim_orders
crp_flow_1773053641,FLOW,BUY,2026-03-09T10:54:01Z,2026-03-09T10:56:01Z,0.046079,0.046831,651.05593677,0.0,0.489854,sim_orders
crp_flow_1773053761,FLOW,BUY,2026-03-09T10:56:01Z,2026-03-09T10:58:01Z,0.046831,0.046296,640.59583954,0.0,-0.342808,sim_orders
crp_flow_1773053881,FLOW,BUY,2026-03-09T10:58:01Z,2026-03-09T11:02:01Z,0.046296,0.046735,648.00610681,0.0,0.284604,sim_orders
crp_flow_1773054121,FLOW,BUY,2026-03-09T11:02:01Z,2026-03-09T11:10:01Z,0.046735,0.047504,641.91444564,0.0,0.493542,sim_orders
crp_flow_1773054721,FLOW,BUY,2026-03-09T11:12:01Z,2026-03-09T11:16:01Z,0.046406,0.047289,646.46506438,0.0,0.570628,sim_orders
crp_eth_1773054481,ETH,BUY,2026-03-09T11:08:01Z,2026-03-09T11:20:01Z,1997.91,1988.36,0.01501569,0.0,-0.1434,sim_orders
crp_flow_1773055081,FLOW,BUY,2026-03-09T11:18:01Z,2026-03-09T11:24:01Z,0.046329,0.046826,647.53824307,0.0,0.32195,sim_orders
crp_eth_1773056521,ETH,BUY,2026-03-09T11:42:01Z,2026-03-09T11:54:01Z,1990.68,1990.19,0.01507023,0.0,-0.007384,sim_orders
crp_eth_1773057361,ETH,BUY,2026-03-09T11:56:01Z,2026-03-09T12:08:01Z,1993.13,1992.54,0.0150517,0.0,-0.008881,sim_orders
crp_eth_1773058081,ETH,BUY,2026-03-09T12:08:01Z,2026-03-09T12:20:01Z,1992.54,1998.85,0.01505616,0.0,0.095004,sim_orders
crp_eth_1773058801,ETH,BUY,2026-03-09T12:20:01Z,2026-03-09T12:32:01Z,1998.85,2006.79,0.01500863,0.0,0.119169,sim_orders
crp_btc_1773103561,BTC,BUY,2026-03-10T00:46:01Z,2026-03-10T00:58:01Z,69166.0,69101.0,0.00043374,0.0,-0.028193,sim_orders
crp_avax_1773103561,AVAX,BUY,2026-03-10T00:46:01Z,2026-03-10T00:58:01Z,9.35,9.34,3.20855615,0.0,-0.032086,sim_orders
crp_ada_1773103681,ADA,BUY,2026-03-10T00:48:01Z,2026-03-10T01:00:01Z,0.258216,0.2579,116.18180128,0.0,-0.036713,sim_orders
crp_xrp_1773157681,XRP,BUY,2026-03-10T15:48:01Z,2026-03-10T15:58:02Z,1.43,1.42,20.97902098,0.0,-0.20979,sim_orders
crp_eth_1773157681,ETH,BUY,2026-03-10T15:48:01Z,2026-03-10T16:00:02Z,2071.69,2077.5,0.01448093,0.0,0.084134,sim_orders
crp_sui_1773157681,SUI,BUY,2026-03-10T15:48:01Z,2026-03-10T16:00:02Z,0.990375,0.993867,30.29155623,0.0,0.105778,sim_orders
crp_fet_1773157681,FET,BUY,2026-03-10T15:48:01Z,2026-03-10T16:00:02Z,0.150761,0.150712,198.99045509,0.0,-0.009751,sim_orders
crp_btc_1773157681,BTC,BUY,2026-03-10T15:48:01Z,2026-03-10T16:00:02Z,71196.0,71256.0,0.00042137,0.0,0.025282,sim_orders
crp_avax_1773157681,AVAX,BUY,2026-03-10T15:48:01Z,2026-03-10T16:00:02Z,9.67,9.7,3.10237849,0.0,0.093071,sim_orders
crp_sol_1773157681,SOL,BUY,2026-03-10T15:48:01Z,2026-03-10T16:00:02Z,87.86,87.9,0.34145231,0.0,0.013658,sim_orders
crp_render_1773157921,RENDER,BUY,2026-03-10T15:52:01Z,2026-03-10T16:04:02Z,1.5,1.52,20.0,0.0,0.4,sim_orders
crp_eth_1773158402,ETH,BUY,2026-03-10T16:00:02Z,2026-03-10T16:13:01Z,2077.5,2073.1,0.01444043,0.0,-0.063538,sim_orders
crp_sui_1773158402,SUI,BUY,2026-03-10T16:00:02Z,2026-03-10T16:13:01Z,0.993867,0.994567,30.18512537,0.0,0.02113,sim_orders
crp_fet_1773158402,FET,BUY,2026-03-10T16:00:02Z,2026-03-10T16:13:01Z,0.150712,0.150738,199.05515155,0.0,0.005175,sim_orders
crp_btc_1773158402,BTC,BUY,2026-03-10T16:00:02Z,2026-03-10T16:13:01Z,71256.0,71139.0,0.00042102,0.0,-0.049259,sim_orders
crp_avax_1773158402,AVAX,BUY,2026-03-10T16:00:02Z,2026-03-10T16:13:01Z,9.7,9.72,3.09278351,0.0,0.061856,sim_orders
crp_sol_1773158402,SOL,BUY,2026-03-10T16:00:02Z,2026-03-10T16:13:01Z,87.9,87.96,0.34129693,0.0,0.020478,sim_orders
crp_xrp_1773158522,XRP,BUY,2026-03-10T16:02:02Z,2026-03-10T16:15:01Z,1.43,1.43,20.97902098,0.0,0.0,sim_orders
crp_link_1773158522,LINK,BUY,2026-03-10T16:02:02Z,2026-03-10T16:15:01Z,9.12,9.11,3.28947368,0.0,-0.032895,sim_orders
crp_bnb_1773159121,BNB,BUY,2026-03-10T16:12:01Z,2026-03-10T16:24:01Z,649.19,650.89,0.04621143,0.0,0.078559,sim_orders
crp_sui_1773159181,SUI,BUY,2026-03-10T16:13:01Z,2026-03-10T16:25:01Z,0.994567,1.0,30.16388036,0.0,0.16388,sim_orders
crp_avax_1773159181,AVAX,BUY,2026-03-10T16:13:01Z,2026-03-10T16:25:01Z,9.72,9.76,3.08641975,0.0,0.123457,sim_orders
crp_eth_1773159181,ETH,BUY,2026-03-10T16:13:01Z,2026-03-10T16:25:01Z,2073.1,2082.08,0.01447108,0.0,0.12995,sim_orders
crp_sol_1773159181,SOL,BUY,2026-03-10T16:13:01Z,2026-03-10T16:25:01Z,87.96,88.09,0.34106412,0.0,0.044338,sim_orders
crp_link_1773159481,LINK,BUY,2026-03-10T16:18:01Z,2026-03-10T16:30:01Z,9.11,9.16,3.29308452,0.0,0.164654,sim_orders
crp_avax_1773159901,AVAX,BUY,2026-03-10T16:25:01Z,2026-03-10T16:30:01Z,9.76,9.86,3.07377049,0.0,0.307377,sim_orders
crp_xrp_1773159601,XRP,BUY,2026-03-10T16:20:01Z,2026-03-10T16:32:01Z,1.43,1.43,20.97902098,0.0,0.0,sim_orders
crp_btc_1773159601,BTC,BUY,2026-03-10T16:20:01Z,2026-03-10T16:32:01Z,71335.0,71371.0,0.00042055,0.0,0.01514,sim_orders
crp_ada_1773159601,ADA,BUY,2026-03-10T16:20:01Z,2026-03-10T16:32:01Z,0.270738,0.27265,110.80823527,0.0,0.211865,sim_orders
crp_bnb_1773159841,BNB,BUY,2026-03-10T16:24:01Z,2026-03-10T16:36:01Z,650.89,650.34,0.04609074,0.0,-0.02535,sim_orders
crp_sui_1773159901,SUI,BUY,2026-03-10T16:25:01Z,2026-03-10T16:37:01Z,1.0,0.998556,30.0,0.0,-0.04332,sim_orders
crp_eth_1773159901,ETH,BUY,2026-03-10T16:25:01Z,2026-03-10T16:37:01Z,2082.08,2079.17,0.01440867,0.0,-0.041929,sim_orders
crp_render_1773171901,RENDER,BUY,2026-03-10T19:45:01Z,2026-03-10T19:57:01Z,1.49,1.49,20.13422819,0.0,0.0,sim_orders
crp_doge_1773171901,DOGE,BUY,2026-03-10T19:45:01Z,2026-03-10T19:57:01Z,0.094804,0.094701,316.4423442,0.0,-0.032594,sim_orders
crp_render_1773172621,RENDER,BUY,2026-03-10T19:57:01Z,2026-03-10T20:09:02Z,1.49,1.5,20.13422819,0.0,0.201342,sim_orders
crp_doge_1773172621,DOGE,BUY,2026-03-10T19:57:01Z,2026-03-10T20:09:02Z,0.094701,0.094786,316.78651757,0.0,0.026927,sim_orders
crp_render_1773173342,RENDER,BUY,2026-03-10T20:09:02Z,2026-03-10T20:16:02Z,1.5,1.49,20.0,0.0,-0.2,sim_orders
crp_doge_1773173342,DOGE,BUY,2026-03-10T20:09:02Z,2026-03-10T20:21:02Z,0.094786,0.094602,316.50243707,0.0,-0.058236,sim_orders
crp_render_1773173762,RENDER,BUY,2026-03-10T20:16:02Z,2026-03-10T20:29:01Z,1.49,1.5,20.13422819,0.0,0.201342,sim_orders
crp_doge_1773174062,DOGE,BUY,2026-03-10T20:21:02Z,2026-03-10T20:34:01Z,0.094602,0.094693,317.11803133,0.0,0.028858,sim_orders
crp_render_1773174541,RENDER,BUY,2026-03-10T20:29:01Z,2026-03-10T20:41:01Z,1.5,1.5,20.0,0.0,0.0,sim_orders
crp_doge_1773174841,DOGE,BUY,2026-03-10T20:34:01Z,2026-03-10T20:46:01Z,0.094693,0.094735,316.81328081,0.0,0.013306,sim_orders
crp_render_1773175261,RENDER,BUY,2026-03-10T20:41:01Z,2026-03-10T20:53:01Z,1.5,1.5,20.0,0.0,0.0,sim_orders
crp_doge_1773175561,DOGE,BUY,2026-03-10T20:46:01Z,2026-03-10T20:58:01Z,0.094735,0.094902,316.67282419,0.0,0.052884,sim_orders
crp_btc_1773175561,BTC,BUY,2026-03-10T20:46:01Z,2026-03-10T20:58:01Z,70241.0,70259.0,0.0004271,0.0,0.007688,sim_orders
crp_render_1773175981,RENDER,BUY,2026-03-10T20:53:01Z,2026-03-10T21:05:01Z,1.5,1.5,20.0,0.0,0.0,sim_orders
crp_aave_1773176161,AAVE,BUY,2026-03-10T20:56:01Z,2026-03-10T21:08:01Z,111.98,112.21,0.26790498,0.0,0.061618,sim_orders
crp_doge_1773176281,DOGE,BUY,2026-03-10T20:58:01Z,2026-03-10T21:10:01Z,0.094902,0.09512,316.11557185,0.0,0.068913,sim_orders
crp_link_1773176281,LINK,BUY,2026-03-10T20:58:01Z,2026-03-10T21:10:01Z,9.0,9.0,3.33333333,0.0,0.0,sim_orders
crp_sol_1773176521,SOL,BUY,2026-03-10T21:02:01Z,2026-03-10T21:14:01Z,86.2,86.23,0.34802784,0.0,0.010441,sim_orders
crp_sui_1773176641,SUI,BUY,2026-03-10T21:04:01Z,2026-03-10T21:16:01Z,0.964287,0.96186,31.11106963,0.0,-0.075507,sim_orders
crp_bnb_1773176641,BNB,BUY,2026-03-10T21:04:01Z,2026-03-10T21:16:01Z,644.27,643.66,0.04656433,0.0,-0.028404,sim_orders
crp_render_1773176701,RENDER,BUY,2026-03-10T21:05:01Z,2026-03-10T21:17:01Z,1.5,1.5,20.0,0.0,0.0,sim_orders
crp_btc_1773176761,BTC,BUY,2026-03-10T21:06:01Z,2026-03-10T21:18:01Z,70293.0,70131.0,0.00042679,0.0,-0.06914,sim_orders
crp_aave_1773176881,AAVE,BUY,2026-03-10T21:08:01Z,2026-03-10T21:20:01Z,112.21,111.92,0.26735585,0.0,-0.077533,sim_orders
crp_render_1773177421,RENDER,BUY,2026-03-10T21:17:01Z,2026-03-10T21:20:01Z,1.5,1.49,20.0,0.0,-0.2,sim_orders
crp_doge_1773177001,DOGE,BUY,2026-03-10T21:10:01Z,2026-03-10T21:22:01Z,0.09512,0.094904,315.39108495,0.0,-0.068124,sim_orders
crp_sui_1773177361,SUI,BUY,2026-03-10T21:16:01Z,2026-03-10T21:28:01Z,0.96186,0.959067,31.18957021,0.0,-0.087112,sim_orders
crp_render_1773186061,RENDER,BUY,2026-03-10T23:41:01Z,2026-03-10T23:53:01Z,1.47,1.47,20.40816327,0.0,0.0,sim_orders
crp_doge_1773186061,DOGE,BUY,2026-03-10T23:41:01Z,2026-03-10T23:53:01Z,0.09459,0.094612,317.15826197,0.0,0.006977,sim_orders
crp_sui_1773186061,SUI,BUY,2026-03-10T23:41:01Z,2026-03-10T23:53:01Z,0.956884,0.956312,31.3517626,0.0,-0.017933,sim_orders
crp_link_1773186121,LINK,BUY,2026-03-10T23:42:01Z,2026-03-10T23:54:01Z,8.98,8.99,3.34075724,0.0,0.033408,sim_orders
crp_aave_1773186481,AAVE,BUY,2026-03-10T23:48:01Z,2026-03-11T00:00:01Z,111.58,111.66,0.26886539,0.0,0.021509,sim_orders
crp_eth_1773186481,ETH,BUY,2026-03-10T23:48:01Z,2026-03-11T00:00:01Z,2033.78,2036.58,0.01475086,0.0,0.041302,sim_orders
crp_btc_1773186481,BTC,BUY,2026-03-10T23:48:01Z,2026-03-11T00:00:01Z,69926.0,69912.0,0.00042902,0.0,-0.006006,sim_orders
crp_render_1773186781,RENDER,BUY,2026-03-10T23:53:01Z,2026-03-11T00:05:01Z,1.47,1.47,20.40816327,0.0,0.0,sim_orders
crp_doge_1773186781,DOGE,BUY,2026-03-10T23:53:01Z,2026-03-11T00:05:01Z,0.094612,0.09449,317.08451359,0.0,-0.038684,sim_orders
crp_sui_1773186781,SUI,BUY,2026-03-10T23:53:01Z,2026-03-11T00:05:01Z,0.956312,0.956554,31.37051506,0.0,0.007592,sim_orders
crp_eth_1773187201,ETH,BUY,2026-03-11T00:00:01Z,2026-03-11T00:12:01Z,2036.58,2036.01,0.01473058,0.0,-0.008396,sim_orders
crp_render_1773187501,RENDER,BUY,2026-03-11T00:05:01Z,2026-03-11T00:17:01Z,1.47,1.47,20.40816327,0.0,0.0,sim_orders
crp_doge_1773187501,DOGE,BUY,2026-03-11T00:05:01Z,2026-03-11T00:17:01Z,0.09449,0.094487,317.4939147,0.0,-0.000952,sim_orders
crp_sui_1773187501,SUI,BUY,2026-03-11T00:05:01Z,2026-03-11T00:17:01Z,0.956554,0.957267,31.36257859,0.0,0.022362,sim_orders
crp_eth_1773187921,ETH,BUY,2026-03-11T00:12:01Z,2026-03-11T00:24:01Z,2036.01,2036.33,0.0147347,0.0,0.004715,sim_orders
crp_btc_1773187921,BTC,BUY,2026-03-11T00:12:01Z,2026-03-11T00:24:01Z,69949.0,69985.0,0.00042888,0.0,0.01544,sim_orders
crp_sol_1773187921,SOL,BUY,2026-03-11T00:12:01Z,2026-03-11T00:24:01Z,85.83,85.84,0.34952814,0.0,0.003495,sim_orders
crp_aave_1773188041,AAVE,BUY,2026-03-11T00:14:01Z,2026-03-11T00:26:01Z,111.64,111.89,0.26872089,0.0,0.06718,sim_orders
crp_render_1773188221,RENDER,BUY,2026-03-11T00:17:01Z,2026-03-11T00:29:01Z,1.47,1.47,20.40816327,0.0,0.0,sim_orders
crp_doge_1773188221,DOGE,BUY,2026-03-11T00:17:01Z,2026-03-11T00:29:01Z,0.094487,0.094567,317.50399526,0.0,0.0254,sim_orders
crp_sui_1773188221,SUI,BUY,2026-03-11T00:17:01Z,2026-03-11T00:29:01Z,0.957267,0.95857,31.33921884,0.0,0.040835,sim_orders
crp_link_1773188521,LINK,BUY,2026-03-11T00:22:01Z,2026-03-11T00:34:01Z,8.99,8.98,3.33704116,0.0,-0.03337,sim_orders
crp_btc_1773188641,BTC,BUY,2026-03-11T00:24:01Z,2026-03-11T00:36:01Z,69985.0,69892.0,0.00042866,0.0,-0.039865,sim_orders
crp_aave_1773188761,AAVE,BUY,2026-03-11T00:26:01Z,2026-03-11T00:38:01Z,111.89,111.65,0.26812048,0.0,-0.064349,sim_orders
crp_eth_1773188761,ETH,BUY,2026-03-11T00:26:01Z,2026-03-11T00:38:01Z,2036.63,2032.22,0.01473022,0.0,-0.06496,sim_orders
crp_render_1773188941,RENDER,BUY,2026-03-11T00:29:01Z,2026-03-11T00:41:01Z,1.47,1.47,20.40816327,0.0,0.0,sim_orders
crp_doge_1773188941,DOGE,BUY,2026-03-11T00:29:01Z,2026-03-11T00:41:01Z,0.094567,0.094373,317.23539924,0.0,-0.061544,sim_orders
crp_sol_1773189001,SOL,BUY,2026-03-11T00:30:01Z,2026-03-11T00:42:01Z,85.87,85.79,0.34936532,0.0,-0.027949,sim_orders
crp_render_1773217861,RENDER,BUY,2026-03-11T08:31:01Z,2026-03-11T08:43:01Z,1.48,1.48,20.27027027,0.0,0.0,sim_orders
crp_icp_1773218761,ICP,BUY,2026-03-11T08:46:01Z,2026-03-11T08:54:01Z,2.69,2.67,11.15241636,0.0,-0.223048,sim_orders
crp_render_1773218581,RENDER,BUY,2026-03-11T08:43:01Z,2026-03-11T08:55:01Z,1.48,1.48,20.27027027,0.0,0.0,sim_orders
crp_icp_1773219241,ICP,BUY,2026-03-11T08:54:01Z,2026-03-11T09:04:01Z,2.67,2.7,11.23595506,0.0,0.337079,sim_orders
crp_render_1773219301,RENDER,BUY,2026-03-11T08:55:01Z,2026-03-11T09:07:01Z,1.48,1.48,20.27027027,0.0,0.0,sim_orders
crp_icp_1773219841,ICP,BUY,2026-03-11T09:04:01Z,2026-03-11T09:10:01Z,2.7,2.73,11.11111111,0.0,0.333333,sim_orders
crp_render_1773220021,RENDER,BUY,2026-03-11T09:07:01Z,2026-03-11T09:19:01Z,1.48,1.48,20.27027027,0.0,0.0,sim_orders
crp_render_1773220741,RENDER,BUY,2026-03-11T09:19:01Z,2026-03-11T09:31:01Z,1.48,1.48,20.27027027,0.0,0.0,sim_orders
crp_icp_1773220921,ICP,BUY,2026-03-11T09:22:01Z,2026-03-11T09:34:01Z,2.72,2.72,11.02941176,0.0,0.0,sim_orders
crp_icp_1773221641,ICP,BUY,2026-03-11T09:34:01Z,2026-03-11T09:42:01Z,2.72,2.7,11.02941176,0.0,-0.220588,sim_orders
crp_fet_1773221881,FET,BUY,2026-03-11T09:38:01Z,2026-03-11T09:50:01Z,0.156427,0.156374,191.7827485,0.0,-0.010164,sim_orders
crp_icp_1773222121,ICP,BUY,2026-03-11T09:42:01Z,2026-03-11T09:50:01Z,2.7,2.68,11.11111111,0.0,-0.222222,sim_orders
crp_aave_1773222481,AAVE,BUY,2026-03-11T09:48:01Z,2026-03-11T10:00:01Z,109.71,109.56,0.27344818,0.0,-0.041017,sim_orders
