timestamp_utc,asset,price
2026-03-09T11:25:22.371Z,BTCUSDT,67505.57
2026-03-09T11:25:22.371Z,ETHUSDT,1987.13
2026-03-09T11:25:22.371Z,SOLUSDT,83.33
2026-03-09T18:45:17.497Z,BTCUSDT,68497.65
2026-03-09T18:45:17.497Z,ETHUSDT,2016.91
2026-03-09T18:45:17.497Z,SOLUSDT,85.4
2026-03-09T23:19:46.573Z,BTCUSDT,68554.09
2026-03-09T23:19:46.573Z,ETHUSDT,1999.09
2026-03-09T23:19:46.573Z,SOLUSDT,85.43
2026-03-09T23:34:01.406Z,BTCUSDT,68544
2026-03-09T23:34:01.406Z,ETHUSDT,1999.99
2026-03-09T23:34:01.406Z,SOLUSDT,85.28
2026-03-09T23:49:01.418Z,BTCUSDT,68570
2026-03-09T23:49:01.418Z,ETHUSDT,1996.43
2026-03-09T23:49:01.418Z,SOLUSDT,85.04
2026-03-10T00:04:01.437Z,BTCUSDT,68486.02
2026-03-10T00:04:01.437Z,ETHUSDT,1994.25
2026-03-10T00:04:01.437Z,SOLUSDT,85.07
2026-03-10T00:19:01.428Z,BTCUSDT,68619.3
2026-03-10T00:19:01.428Z,ETHUSDT,2004.42
2026-03-10T00:19:01.428Z,SOLUSDT,85.22
2026-03-10T00:34:01.437Z,BTCUSDT,69009.33
2026-03-10T00:34:01.437Z,ETHUSDT,2012.45
2026-03-10T00:34:01.437Z,SOLUSDT,85.57
2026-03-10T00:49:01.445Z,BTCUSDT,69249.74
2026-03-10T00:49:01.445Z,ETHUSDT,2019.55
2026-03-10T00:49:01.445Z,SOLUSDT,85.81
2026-03-10T01:04:01.466Z,BTCUSDT,69154.35
2026-03-10T01:04:01.466Z,ETHUSDT,2016.71
2026-03-10T01:04:01.466Z,SOLUSDT,85.55
2026-03-10T01:19:01.464Z,BTCUSDT,68957.76
2026-03-10T01:19:01.464Z,ETHUSDT,2014.12
2026-03-10T01:19:01.464Z,SOLUSDT,85.45
2026-03-10T01:34:01.462Z,BTCUSDT,69060.04
2026-03-10T01:34:01.462Z,ETHUSDT,2015.42
2026-03-10T01:34:01.462Z,SOLUSDT,85.47
2026-03-10T01:49:01.462Z,BTCUSDT,69017.79
2026-03-10T01:49:01.462Z,ETHUSDT,2014.08
2026-03-10T01:49:01.462Z,SOLUSDT,85.35
2026-03-10T02:04:01.467Z,BTCUSDT,69235.7
2026-03-10T02:04:01.467Z,ETHUSDT,2019.16
2026-03-10T02:04:01.467Z,SOLUSDT,85.63
2026-03-10T02:19:01.528Z,BTCUSDT,69190.48
2026-03-10T02:19:01.528Z,ETHUSDT,2017.22
2026-03-10T02:19:01.528Z,SOLUSDT,85.63
2026-03-10T02:34:01.496Z,BTCUSDT,69907.7
2026-03-10T02:34:01.496Z,ETHUSDT,2034.58
2026-03-10T02:34:01.496Z,SOLUSDT,86.25
2026-03-10T02:49:01.600Z,BTCUSDT,70402.39
2026-03-10T02:49:01.600Z,ETHUSDT,2049.25
2026-03-10T02:49:01.600Z,SOLUSDT,86.69
2026-03-10T03:04:01.505Z,BTCUSDT,70125.7
2026-03-10T03:04:01.505Z,ETHUSDT,2041.08
2026-03-10T03:04:01.505Z,SOLUSDT,86.49
2026-03-10T03:19:01.832Z,BTCUSDT,70163.91
2026-03-10T03:19:01.832Z,ETHUSDT,2043.24
2026-03-10T03:19:01.832Z,SOLUSDT,86.56
2026-03-10T03:34:01.523Z,BTCUSDT,70103.75
2026-03-10T03:34:01.523Z,ETHUSDT,2042.65
2026-03-10T03:34:01.523Z,SOLUSDT,86.53
2026-03-10T03:49:01.953Z,BTCUSDT,69529.76
2026-03-10T03:49:01.953Z,ETHUSDT,2025.96
2026-03-10T03:49:01.953Z,SOLUSDT,85.64
2026-03-10T04:04:01.682Z,BTCUSDT,69575.9
2026-03-10T04:04:01.682Z,ETHUSDT,2029.24
2026-03-10T04:04:01.682Z,SOLUSDT,85.7
2026-03-10T04:19:01.672Z,BTCUSDT,69597.17
2026-03-10T04:19:01.672Z,ETHUSDT,2032.4
2026-03-10T04:19:01.672Z,SOLUSDT,85.46
2026-03-10T04:34:01.977Z,BTCUSDT,69846.95
2026-03-10T04:34:01.977Z,ETHUSDT,2037.89
2026-03-10T04:34:01.977Z,SOLUSDT,85.93
2026-03-10T04:49:01.997Z,BTCUSDT,69913.5
2026-03-10T04:49:01.997Z,ETHUSDT,2040.88
2026-03-10T04:49:01.997Z,SOLUSDT,86.2
2026-03-10T05:04:01.700Z,BTCUSDT,70201.01
2026-03-10T05:04:01.700Z,ETHUSDT,2048.79
2026-03-10T05:04:01.700Z,SOLUSDT,86.71
2026-03-10T05:19:01.703Z,BTCUSDT,70257.03
2026-03-10T05:19:01.703Z,ETHUSDT,2049.84
2026-03-10T05:19:01.703Z,SOLUSDT,86.74
2026-03-10T05:34:02.003Z,BTCUSDT,70096.15
2026-03-10T05:34:02.003Z,ETHUSDT,2047.13
2026-03-10T05:34:02.003Z,SOLUSDT,86.75
2026-03-10T05:49:01.879Z,BTCUSDT,69951.64
2026-03-10T05:49:01.879Z,ETHUSDT,2041.93
2026-03-10T05:49:01.879Z,SOLUSDT,86.41
2026-03-10T06:04:01.738Z,BTCUSDT,69922.66
2026-03-10T06:04:01.738Z,ETHUSDT,2043.37
2026-03-10T06:04:01.738Z,SOLUSDT,86.32
2026-03-10T06:19:01.732Z,BTCUSDT,69818.67
2026-03-10T06:19:01.732Z,ETHUSDT,2038.9
2026-03-10T06:19:01.732Z,SOLUSDT,86.09
2026-03-10T06:34:01.761Z,BTCUSDT,70015.84
2026-03-10T06:34:01.761Z,ETHUSDT,2045.04
2026-03-10T06:34:01.761Z,SOLUSDT,86.52
2026-03-10T06:49:01.765Z,BTCUSDT,69958.79
2026-03-10T06:49:01.765Z,ETHUSDT,2044.11
2026-03-10T06:49:01.765Z,SOLUSDT,86.31
2026-03-10T07:04:02.043Z,BTCUSDT,69834.25
2026-03-10T07:04:02.043Z,ETHUSDT,2040.94
2026-03-10T07:04:02.043Z,SOLUSDT,86.23
2026-03-10T07:19:01.801Z,BTCUSDT,70343.1
2026-03-10T07:19:01.801Z,ETHUSDT,2049.35
2026-03-10T07:19:01.801Z,SOLUSDT,86.54
2026-03-10T07:34:01.780Z,BTCUSDT,70349.82
2026-03-10T07:34:01.780Z,ETHUSDT,2052.52
2026-03-10T07:34:01.780Z,SOLUSDT,86.8
2026-03-10T07:49:01.901Z,BTCUSDT,70358.22
2026-03-10T07:49:01.901Z,ETHUSDT,2050.78
2026-03-10T07:49:01.901Z,SOLUSDT,86.6
2026-03-10T08:04:01.782Z,BTCUSDT,70447
2026-03-10T08:04:01.782Z,ETHUSDT,2053.65
2026-03-10T08:04:01.782Z,SOLUSDT,86.84
2026-03-10T08:19:01.951Z,BTCUSDT,70788.01
2026-03-10T08:19:01.951Z,ETHUSDT,2060.26
2026-03-10T08:19:01.951Z,SOLUSDT,86.96
2026-03-10T08:34:02.013Z,BTCUSDT,70928
2026-03-10T08:34:02.013Z,ETHUSDT,2065.29
2026-03-10T08:34:02.013Z,SOLUSDT,87.23
2026-03-10T08:49:01.975Z,BTCUSDT,70858.12
2026-03-10T08:49:01.975Z,ETHUSDT,2063.2
2026-03-10T08:49:01.975Z,SOLUSDT,86.98
2026-03-10T09:04:01.665Z,BTCUSDT,70727.73
2026-03-10T09:04:01.665Z,ETHUSDT,2058.45
2026-03-10T09:04:01.665Z,SOLUSDT,86.74
2026-03-10T09:19:01.990Z,BTCUSDT,70867.9
2026-03-10T09:19:01.990Z,ETHUSDT,2061.34
2026-03-10T09:19:01.990Z,SOLUSDT,86.95
2026-03-10T09:34:01.687Z,BTCUSDT,71184.52
2026-03-10T09:34:01.687Z,ETHUSDT,2067.8
2026-03-10T09:34:01.687Z,SOLUSDT,87.21
2026-03-10T09:49:01.840Z,BTCUSDT,71007.56
2026-03-10T09:49:01.840Z,ETHUSDT,2066.58
2026-03-10T09:49:01.840Z,SOLUSDT,87.21
2026-03-10T10:04:01.682Z,BTCUSDT,70989.96
2026-03-10T10:04:01.682Z,ETHUSDT,2066.63
2026-03-10T10:04:01.682Z,SOLUSDT,87.32
2026-03-10T10:19:01.857Z,BTCUSDT,70824.01
2026-03-10T10:19:01.857Z,ETHUSDT,2062.21
2026-03-10T10:19:01.857Z,SOLUSDT,87.11
2026-03-10T10:34:02.038Z,BTCUSDT,70853.95
2026-03-10T10:34:02.038Z,ETHUSDT,2063.15
2026-03-10T10:34:02.038Z,SOLUSDT,87.17
2026-03-10T10:49:01.729Z,BTCUSDT,70710.97
2026-03-10T10:49:01.729Z,ETHUSDT,2058.78
2026-03-10T10:49:01.729Z,SOLUSDT,86.96
2026-03-10T11:04:01.696Z,BTCUSDT,70652.91
2026-03-10T11:04:01.696Z,ETHUSDT,2058.83
2026-03-10T11:04:01.696Z,SOLUSDT,86.89
2026-03-10T11:19:01.711Z,BTCUSDT,70662.15
2026-03-10T11:19:01.711Z,ETHUSDT,2059.69
2026-03-10T11:19:01.711Z,SOLUSDT,86.76
2026-03-10T11:34:04.335Z,BTCUSDT,70592.7
2026-03-10T11:34:04.335Z,ETHUSDT,2063.49
2026-03-10T11:34:04.335Z,SOLUSDT,86.77
2026-03-10T11:49:01.716Z,BTCUSDT,70636.14
2026-03-10T11:49:01.716Z,ETHUSDT,2064.07
2026-03-10T11:49:01.716Z,SOLUSDT,86.86
2026-03-10T12:04:02.031Z,BTCUSDT,70526.4
2026-03-10T12:04:02.031Z,ETHUSDT,2059.01
2026-03-10T12:04:02.031Z,SOLUSDT,86.74
2026-03-10T12:19:01.987Z,BTCUSDT,70441.63
2026-03-10T12:19:01.987Z,ETHUSDT,2057.25
2026-03-10T12:19:01.987Z,SOLUSDT,86.5
2026-03-10T12:34:02.049Z,BTCUSDT,70390
2026-03-10T12:34:02.049Z,ETHUSDT,2051.73
2026-03-10T12:34:02.049Z,SOLUSDT,86.41
2026-03-10T12:49:02.088Z,BTCUSDT,70477.92
2026-03-10T12:49:02.088Z,ETHUSDT,2050.94
2026-03-10T12:49:02.088Z,SOLUSDT,86.64
2026-03-10T13:04:01.900Z,BTCUSDT,70580.01
2026-03-10T13:04:01.900Z,ETHUSDT,2051.77
2026-03-10T13:04:01.900Z,SOLUSDT,86.83
2026-03-10T13:19:01.960Z,BTCUSDT,70772.17
2026-03-10T13:19:01.960Z,ETHUSDT,2054.98
2026-03-10T13:19:01.960Z,SOLUSDT,87.06
2026-03-10T13:34:01.639Z,BTCUSDT,70452.3
2026-03-10T13:34:01.639Z,ETHUSDT,2041.88
2026-03-10T13:34:01.639Z,SOLUSDT,86.72
2026-03-10T13:49:01.984Z,BTCUSDT,70103.11
2026-03-10T13:49:01.984Z,ETHUSDT,2037.6
2026-03-10T13:49:01.984Z,SOLUSDT,86.35
2026-03-10T14:04:01.667Z,BTCUSDT,69818.72
2026-03-10T14:04:01.667Z,ETHUSDT,2030.79
2026-03-10T14:04:01.667Z,SOLUSDT,85.87
2026-03-10T14:19:01.641Z,BTCUSDT,69575.75
2026-03-10T14:19:01.641Z,ETHUSDT,2018.54
2026-03-10T14:19:01.641Z,SOLUSDT,85.44
2026-03-10T14:34:01.990Z,BTCUSDT,69905.84
2026-03-10T14:34:01.990Z,ETHUSDT,2028.01
2026-03-10T14:34:01.990Z,SOLUSDT,85.94
2026-03-10T14:49:01.684Z,BTCUSDT,70635.76
2026-03-10T14:49:01.684Z,ETHUSDT,2048.36
2026-03-10T14:49:01.684Z,SOLUSDT,86.96
2026-03-10T15:04:01.713Z,BTCUSDT,71402.28
2026-03-10T15:04:01.713Z,ETHUSDT,2075.34
2026-03-10T15:04:01.713Z,SOLUSDT,88.09
2026-03-10T15:19:01.696Z,BTCUSDT,71162.39
2026-03-10T15:19:01.696Z,ETHUSDT,2068.92
2026-03-10T15:19:01.696Z,SOLUSDT,87.68
2026-03-10T15:34:01.719Z,BTCUSDT,71500
2026-03-10T15:34:01.719Z,ETHUSDT,2074.55
2026-03-10T15:34:01.719Z,SOLUSDT,88.06
2026-03-10T15:49:01.912Z,BTCUSDT,71021.86
2026-03-10T15:49:01.912Z,ETHUSDT,2071.47
2026-03-10T15:49:01.912Z,SOLUSDT,87.8
2026-03-10T16:04:02.040Z,BTCUSDT,71264.49
2026-03-10T16:04:02.040Z,ETHUSDT,2076.83
2026-03-10T16:04:02.040Z,SOLUSDT,88.07
2026-03-10T16:19:01.932Z,BTCUSDT,71371.72
2026-03-10T16:19:01.932Z,ETHUSDT,2079.1
2026-03-10T16:19:01.932Z,SOLUSDT,88.2
2026-03-10T16:34:01.765Z,BTCUSDT,71306.37
2026-03-10T16:34:01.765Z,ETHUSDT,2078.45
2026-03-10T16:34:01.765Z,SOLUSDT,88.35
2026-03-10T16:49:01.966Z,BTCUSDT,71241.99
2026-03-10T16:49:01.966Z,ETHUSDT,2080.09
2026-03-10T16:49:01.966Z,SOLUSDT,88.33
2026-03-10T17:04:02.107Z,BTCUSDT,71227.23
2026-03-10T17:04:02.107Z,ETHUSDT,2079.18
2026-03-10T17:04:02.107Z,SOLUSDT,88.38
2026-03-10T17:19:02.100Z,BTCUSDT,71252.37
2026-03-10T17:19:02.100Z,ETHUSDT,2078.65
2026-03-10T17:19:02.100Z,SOLUSDT,88.53
2026-03-10T17:34:01.851Z,BTCUSDT,71130.44
2026-03-10T17:34:01.851Z,ETHUSDT,2076.32
2026-03-10T17:34:01.851Z,SOLUSDT,88.43
2026-03-10T17:49:01.955Z,BTCUSDT,70888.02
2026-03-10T17:49:01.955Z,ETHUSDT,2076.43
2026-03-10T17:49:01.955Z,SOLUSDT,88.15
2026-03-10T18:04:01.636Z,BTCUSDT,70898.78
2026-03-10T18:04:01.636Z,ETHUSDT,2072.82
2026-03-10T18:04:01.636Z,SOLUSDT,87.95
2026-03-10T18:19:01.652Z,BTCUSDT,70323.05
2026-03-10T18:19:01.652Z,ETHUSDT,2049.04
2026-03-10T18:19:01.652Z,SOLUSDT,86.9
2026-03-10T18:34:01.965Z,BTCUSDT,70286.01
2026-03-10T18:34:01.965Z,ETHUSDT,2045.26
2026-03-10T18:34:01.965Z,SOLUSDT,86.62
2026-03-10T18:49:01.650Z,BTCUSDT,70151.61
2026-03-10T18:49:01.650Z,ETHUSDT,2044.36
2026-03-10T18:49:01.650Z,SOLUSDT,86.34
2026-03-10T19:04:01.993Z,BTCUSDT,70077.94
2026-03-10T19:04:01.993Z,ETHUSDT,2042
2026-03-10T19:04:01.993Z,SOLUSDT,86.34
2026-03-10T19:19:01.658Z,BTCUSDT,70266.59
2026-03-10T19:19:01.658Z,ETHUSDT,2044.21
2026-03-10T19:19:01.658Z,SOLUSDT,86.46
2026-03-10T19:34:01.715Z,BTCUSDT,69877.83
2026-03-10T19:34:01.715Z,ETHUSDT,2028.76
2026-03-10T19:34:01.715Z,SOLUSDT,85.73
2026-03-10T19:49:02.565Z,BTCUSDT,69963.43
2026-03-10T19:49:02.565Z,ETHUSDT,2035.56
2026-03-10T19:49:02.565Z,SOLUSDT,86.03
2026-03-10T20:04:01.721Z,BTCUSDT,70078.63
2026-03-10T20:04:01.721Z,ETHUSDT,2037.43
2026-03-10T20:04:01.721Z,SOLUSDT,86
2026-03-10T20:19:01.722Z,BTCUSDT,70038.99
2026-03-10T20:19:01.722Z,ETHUSDT,2038.17
2026-03-10T20:19:01.722Z,SOLUSDT,86.05
2026-03-10T20:34:01.734Z,BTCUSDT,70230.31
2026-03-10T20:34:01.734Z,ETHUSDT,2044.16
2026-03-10T20:34:01.734Z,SOLUSDT,86.08
2026-03-10T20:49:01.920Z,BTCUSDT,70270.52
2026-03-10T20:49:01.920Z,ETHUSDT,2043.11
2026-03-10T20:49:01.920Z,SOLUSDT,86.16
2026-03-10T21:04:02.037Z,BTCUSDT,70306.52
2026-03-10T21:04:02.037Z,ETHUSDT,2043.88
2026-03-10T21:04:02.037Z,SOLUSDT,86.22
2026-03-10T21:19:01.988Z,BTCUSDT,70054.56
2026-03-10T21:19:01.988Z,ETHUSDT,2038.71
2026-03-10T21:19:01.988Z,SOLUSDT,86.03
2026-03-10T21:34:02.022Z,BTCUSDT,69978.65
2026-03-10T21:34:02.022Z,ETHUSDT,2038.26
2026-03-10T21:34:02.022Z,SOLUSDT,85.89
2026-03-10T21:49:02.109Z,BTCUSDT,69661.89
2026-03-10T21:49:02.109Z,ETHUSDT,2026.16
2026-03-10T21:49:02.109Z,SOLUSDT,85.5
2026-03-10T22:04:01.871Z,BTCUSDT,69805.23
2026-03-10T22:04:01.871Z,ETHUSDT,2030.2
2026-03-10T22:04:01.871Z,SOLUSDT,85.68
2026-03-10T22:19:01.642Z,BTCUSDT,69481.97
2026-03-10T22:19:01.642Z,ETHUSDT,2021.65
2026-03-10T22:19:01.642Z,SOLUSDT,85.12
2026-03-10T22:34:01.995Z,BTCUSDT,69553.96
2026-03-10T22:34:01.995Z,ETHUSDT,2025.33
2026-03-10T22:34:01.995Z,SOLUSDT,85.34
2026-03-10T22:49:02.366Z,BTCUSDT,69675.15
2026-03-10T22:49:02.366Z,ETHUSDT,2029.44
2026-03-10T22:49:02.366Z,SOLUSDT,85.54
2026-03-10T23:04:01.679Z,BTCUSDT,69751.66
2026-03-10T23:04:01.679Z,ETHUSDT,2031.3
2026-03-10T23:04:01.679Z,SOLUSDT,85.64
2026-03-10T23:19:01.660Z,BTCUSDT,69857.75
2026-03-10T23:19:01.660Z,ETHUSDT,2035.09
2026-03-10T23:19:01.660Z,SOLUSDT,85.76
2026-03-10T23:34:01.721Z,BTCUSDT,69901.42
2026-03-10T23:34:01.721Z,ETHUSDT,2034.23
2026-03-10T23:34:01.721Z,SOLUSDT,85.53
2026-03-10T23:49:01.871Z,BTCUSDT,69914.88
2026-03-10T23:49:01.871Z,ETHUSDT,2033.86
2026-03-10T23:49:01.871Z,SOLUSDT,85.66
2026-03-11T00:04:01.747Z,BTCUSDT,69840.84
2026-03-11T00:04:01.747Z,ETHUSDT,2033.08
2026-03-11T00:04:01.747Z,SOLUSDT,85.73
2026-03-11T00:19:01.941Z,BTCUSDT,69908.22
2026-03-11T00:19:01.941Z,ETHUSDT,2034.78
2026-03-11T00:19:01.941Z,SOLUSDT,85.76
2026-03-11T00:34:02.061Z,BTCUSDT,69872.69
2026-03-11T00:34:02.061Z,ETHUSDT,2032.44
2026-03-11T00:34:02.061Z,SOLUSDT,85.66
2026-03-11T00:49:01.746Z,BTCUSDT,69950.33
2026-03-11T00:49:01.746Z,ETHUSDT,2032.01
2026-03-11T00:49:01.746Z,SOLUSDT,85.83
2026-03-11T01:04:01.803Z,BTCUSDT,70021.55
2026-03-11T01:04:01.803Z,ETHUSDT,2036.49
2026-03-11T01:04:01.803Z,SOLUSDT,86.11
2026-03-11T01:19:01.959Z,BTCUSDT,70092.89
2026-03-11T01:19:01.959Z,ETHUSDT,2037.21
2026-03-11T01:19:01.959Z,SOLUSDT,86.1
2026-03-11T01:34:02.195Z,BTCUSDT,70042.62
2026-03-11T01:34:02.195Z,ETHUSDT,2035.45
2026-03-11T01:34:02.195Z,SOLUSDT,86
2026-03-11T01:49:01.962Z,BTCUSDT,69977.48
2026-03-11T01:49:01.962Z,ETHUSDT,2033.26
2026-03-11T01:49:01.962Z,SOLUSDT,85.91
2026-03-11T02:04:02.117Z,BTCUSDT,70107.63
2026-03-11T02:04:02.117Z,ETHUSDT,2036.95
2026-03-11T02:04:02.117Z,SOLUSDT,86.15
2026-03-11T02:19:02.106Z,BTCUSDT,70007.52
2026-03-11T02:19:02.106Z,ETHUSDT,2034.18
2026-03-11T02:19:02.106Z,SOLUSDT,86.01
2026-03-11T02:34:03.076Z,BTCUSDT,69787.15
2026-03-11T02:34:03.076Z,ETHUSDT,2027.47
2026-03-11T02:34:03.076Z,SOLUSDT,85.82
2026-03-11T02:49:02.084Z,BTCUSDT,69659.08
2026-03-11T02:49:02.084Z,ETHUSDT,2020.87
2026-03-11T02:49:02.084Z,SOLUSDT,85.61
2026-03-11T03:04:01.788Z,BTCUSDT,69715.7
2026-03-11T03:04:01.788Z,ETHUSDT,2024.08
2026-03-11T03:04:01.788Z,SOLUSDT,85.84
2026-03-11T03:19:02.152Z,BTCUSDT,69650.84
2026-03-11T03:19:02.152Z,ETHUSDT,2022.52
2026-03-11T03:19:02.152Z,SOLUSDT,85.7
2026-03-11T03:34:02.045Z,BTCUSDT,69625.75
2026-03-11T03:34:02.045Z,ETHUSDT,2021.38
2026-03-11T03:34:02.045Z,SOLUSDT,85.71
2026-03-11T03:49:01.791Z,BTCUSDT,69514.87
2026-03-11T03:49:01.791Z,ETHUSDT,2018.9
2026-03-11T03:49:01.791Z,SOLUSDT,85.58
2026-03-11T04:04:01.832Z,BTCUSDT,69549.45
2026-03-11T04:04:01.832Z,ETHUSDT,2019.72
2026-03-11T04:04:01.832Z,SOLUSDT,85.54
2026-03-11T04:19:01.826Z,BTCUSDT,69723.8
2026-03-11T04:19:01.826Z,ETHUSDT,2025.32
2026-03-11T04:19:01.826Z,SOLUSDT,85.79
2026-03-11T04:34:02.083Z,BTCUSDT,69981.1
2026-03-11T04:34:02.083Z,ETHUSDT,2036.26
2026-03-11T04:34:02.083Z,SOLUSDT,86.41
2026-03-11T04:49:01.951Z,BTCUSDT,70053.73
2026-03-11T04:49:01.951Z,ETHUSDT,2035.88
2026-03-11T04:49:01.951Z,SOLUSDT,86.53
2026-03-11T05:04:02.093Z,BTCUSDT,70107.34
2026-03-11T05:04:02.093Z,ETHUSDT,2039.12
2026-03-11T05:04:02.093Z,SOLUSDT,86.73
2026-03-11T05:19:01.903Z,BTCUSDT,69955.56
2026-03-11T05:19:01.903Z,ETHUSDT,2034.38
2026-03-11T05:19:01.903Z,SOLUSDT,86.31
2026-03-11T05:34:02.132Z,BTCUSDT,69898.66
2026-03-11T05:34:02.132Z,ETHUSDT,2029.66
2026-03-11T05:34:02.132Z,SOLUSDT,86.18
2026-03-11T05:49:01.896Z,BTCUSDT,69534.8
2026-03-11T05:49:01.896Z,ETHUSDT,2016.95
2026-03-11T05:49:01.896Z,SOLUSDT,85.83
2026-03-11T06:04:02.202Z,BTCUSDT,69566.93
2026-03-11T06:04:02.202Z,ETHUSDT,2016.33
2026-03-11T06:04:02.202Z,SOLUSDT,85.78
2026-03-11T06:19:02.116Z,BTCUSDT,69812.51
2026-03-11T06:19:02.116Z,ETHUSDT,2018.96
2026-03-11T06:19:02.116Z,SOLUSDT,85.94
2026-03-11T06:34:01.909Z,BTCUSDT,69908.23
2026-03-11T06:34:01.909Z,ETHUSDT,2023.56
2026-03-11T06:34:01.909Z,SOLUSDT,86.11
2026-03-11T06:49:02.293Z,BTCUSDT,69744.87
2026-03-11T06:49:02.293Z,ETHUSDT,2019.09
2026-03-11T06:49:02.293Z,SOLUSDT,85.81
2026-03-11T07:04:02.197Z,BTCUSDT,69881.26
2026-03-11T07:04:02.197Z,ETHUSDT,2022.56
2026-03-11T07:04:02.197Z,SOLUSDT,86
2026-03-11T07:19:02.112Z,BTCUSDT,69844.42
2026-03-11T07:19:02.112Z,ETHUSDT,2021.27
2026-03-11T07:19:02.112Z,SOLUSDT,85.93
2026-03-11T07:34:01.802Z,BTCUSDT,69720.01
2026-03-11T07:34:01.802Z,ETHUSDT,2017.61
2026-03-11T07:34:01.802Z,SOLUSDT,85.74
2026-03-11T07:49:02.665Z,BTCUSDT,69642.43
2026-03-11T07:49:02.665Z,ETHUSDT,2013.81
2026-03-11T07:49:02.665Z,SOLUSDT,85.42
2026-03-11T08:04:02.123Z,BTCUSDT,69689.76
2026-03-11T08:04:02.123Z,ETHUSDT,2013.23
2026-03-11T08:04:02.123Z,SOLUSDT,85.45
2026-03-11T08:19:01.823Z,BTCUSDT,69580.05
2026-03-11T08:19:01.823Z,ETHUSDT,2011.32
2026-03-11T08:19:01.823Z,SOLUSDT,85.27
2026-03-11T08:34:02.062Z,BTCUSDT,69571.25
2026-03-11T08:34:02.062Z,ETHUSDT,2016.47
2026-03-11T08:34:02.062Z,SOLUSDT,85.29
2026-03-11T08:49:01.847Z,BTCUSDT,69585.38
2026-03-11T08:49:01.847Z,ETHUSDT,2019.17
2026-03-11T08:49:01.847Z,SOLUSDT,85.31
2026-03-11T09:04:01.857Z,BTCUSDT,69563.62
2026-03-11T09:04:01.857Z,ETHUSDT,2020.42
2026-03-11T09:04:01.857Z,SOLUSDT,85.37
2026-03-11T09:19:02.028Z,BTCUSDT,69600.73
2026-03-11T09:19:02.028Z,ETHUSDT,2019.52
2026-03-11T09:19:02.028Z,SOLUSDT,85.36
2026-03-11T09:34:02.179Z,BTCUSDT,69538.42
2026-03-11T09:34:02.179Z,ETHUSDT,2019.95
2026-03-11T09:34:02.179Z,SOLUSDT,85.34
2026-03-11T09:49:01.836Z,BTCUSDT,69715.58
2026-03-11T09:49:01.836Z,ETHUSDT,2025.08
2026-03-11T09:49:01.836Z,SOLUSDT,85.51
2026-03-11T10:04:02.187Z,BTCUSDT,69493.66
2026-03-11T10:04:02.187Z,ETHUSDT,2020.24
2026-03-11T10:04:02.187Z,SOLUSDT,84.99
2026-03-11T10:19:02.026Z,BTCUSDT,69536.55
2026-03-11T10:19:02.026Z,ETHUSDT,2023.79
2026-03-11T10:19:02.026Z,SOLUSDT,85.15
2026-03-11T10:34:01.888Z,BTCUSDT,69494.96
2026-03-11T10:34:01.888Z,ETHUSDT,2022.13
2026-03-11T10:34:01.888Z,SOLUSDT,85.17
2026-03-11T10:49:02.092Z,BTCUSDT,69602.4
2026-03-11T10:49:02.092Z,ETHUSDT,2027.96
2026-03-11T10:49:02.092Z,SOLUSDT,85.43
2026-03-11T11:04:02.883Z,BTCUSDT,69583.85
2026-03-11T11:04:02.883Z,ETHUSDT,2027.97
2026-03-11T11:04:02.883Z,SOLUSDT,84.96
2026-03-11T11:19:02.211Z,BTCUSDT,69616.25
2026-03-11T11:19:02.211Z,ETHUSDT,2032.11
2026-03-11T11:19:02.211Z,SOLUSDT,85.26
2026-03-11T11:34:02.248Z,BTCUSDT,69527.23
2026-03-11T11:34:02.248Z,ETHUSDT,2024.97
2026-03-11T11:34:02.248Z,SOLUSDT,85.06
2026-03-11T11:49:02.171Z,BTCUSDT,69469.85
2026-03-11T11:49:02.171Z,ETHUSDT,2022.29
2026-03-11T11:49:02.171Z,SOLUSDT,84.65
2026-03-11T12:19:02.004Z,BTCUSDT,69195.42
2026-03-11T12:19:02.004Z,ETHUSDT,2019.87
2026-03-11T12:19:02.004Z,SOLUSDT,84.79
2026-03-11T12:34:01.994Z,BTCUSDT,69268.41
2026-03-11T12:34:01.994Z,ETHUSDT,2019.99
2026-03-11T12:34:01.994Z,SOLUSDT,85
2026-03-11T12:49:01.994Z,BTCUSDT,69256.84
2026-03-11T12:49:01.994Z,ETHUSDT,2021.99
2026-03-11T12:49:01.994Z,SOLUSDT,85.08
2026-03-11T13:04:01.998Z,BTCUSDT,69353.88
2026-03-11T13:04:01.998Z,ETHUSDT,2022
2026-03-11T13:04:01.998Z,SOLUSDT,85.16
2026-03-11T13:19:02.019Z,BTCUSDT,69995.41
2026-03-11T13:19:02.019Z,ETHUSDT,2038.56
2026-03-11T13:19:02.019Z,SOLUSDT,86.05
2026-03-11T13:34:02.011Z,BTCUSDT,70659.48
2026-03-11T13:34:02.011Z,ETHUSDT,2062.34
2026-03-11T13:34:02.011Z,SOLUSDT,86.85
2026-03-11T13:49:02.056Z,BTCUSDT,70190.67
2026-03-11T13:49:02.056Z,ETHUSDT,2054.49
2026-03-11T13:49:02.056Z,SOLUSDT,86.01
2026-03-11T14:04:02.024Z,BTCUSDT,70461.35
2026-03-11T14:04:02.024Z,ETHUSDT,2057.49
2026-03-11T14:04:02.024Z,SOLUSDT,86.18
2026-03-11T14:19:02.062Z,BTCUSDT,70400.57
2026-03-11T14:19:02.062Z,ETHUSDT,2057.97
2026-03-11T14:19:02.062Z,SOLUSDT,86.37
2026-03-11T14:34:02.013Z,BTCUSDT,70497.43
2026-03-11T14:34:02.013Z,ETHUSDT,2057.31
2026-03-11T14:34:02.013Z,SOLUSDT,86.32
2026-03-11T14:49:02.050Z,BTCUSDT,70771.9
2026-03-11T14:49:02.050Z,ETHUSDT,2068.97
2026-03-11T14:49:02.050Z,SOLUSDT,86.8
2026-03-11T15:04:02.130Z,BTCUSDT,70405.75
2026-03-11T15:04:02.130Z,ETHUSDT,2056.22
2026-03-11T15:04:02.130Z,SOLUSDT,86.22
2026-03-11T15:19:02.166Z,BTCUSDT,70125.02
2026-03-11T15:19:02.166Z,ETHUSDT,2047.99
2026-03-11T15:19:02.166Z,SOLUSDT,85.75
2026-03-11T15:34:02.137Z,BTCUSDT,69873.1
2026-03-11T15:34:02.137Z,ETHUSDT,2036.46
2026-03-11T15:34:02.137Z,SOLUSDT,84.87
2026-03-11T15:49:02.111Z,BTCUSDT,69929.73
2026-03-11T15:49:02.111Z,ETHUSDT,2038.36
2026-03-11T15:49:02.111Z,SOLUSDT,84.88
2026-03-11T15:52:05.206Z,BTCUSDT,70169.6
2026-03-11T15:52:05.206Z,ETHUSDT,2046.63
2026-03-11T15:52:05.206Z,SOLUSDT,85.27
2026-03-11T15:54:25.198Z,BTCUSDT,70199.99
2026-03-11T15:54:25.198Z,ETHUSDT,2047.83
2026-03-11T15:54:25.198Z,SOLUSDT,85.34
2026-03-11T16:04:02.122Z,BTCUSDT,70310.35
2026-03-11T16:04:02.122Z,ETHUSDT,2051.85
2026-03-11T16:04:02.122Z,SOLUSDT,85.54
2026-03-11T16:19:02.115Z,BTCUSDT,70468.22
2026-03-11T16:19:02.115Z,ETHUSDT,2056.07
2026-03-11T16:19:02.115Z,SOLUSDT,85.95
2026-03-11T16:34:02.087Z,BTCUSDT,70607.41
2026-03-11T16:34:02.087Z,ETHUSDT,2059.92
2026-03-11T16:34:02.087Z,SOLUSDT,86.13
2026-03-11T16:49:02.549Z,BTCUSDT,70628
2026-03-11T16:49:02.549Z,ETHUSDT,2065.4
2026-03-11T16:49:02.549Z,SOLUSDT,86.26
2026-03-11T17:04:02.349Z,BTCUSDT,70906.38
2026-03-11T17:04:02.349Z,ETHUSDT,2076.38
2026-03-11T17:04:02.349Z,SOLUSDT,86.97
2026-03-11T17:19:02.114Z,BTCUSDT,70929.6
2026-03-11T17:19:02.114Z,ETHUSDT,2072.49
2026-03-11T17:19:02.114Z,SOLUSDT,86.92
2026-03-11T17:34:02.306Z,BTCUSDT,71017.02
2026-03-11T17:34:02.306Z,ETHUSDT,2074.91
2026-03-11T17:34:02.306Z,SOLUSDT,87.35
2026-03-11T17:49:02.100Z,BTCUSDT,70847.62
2026-03-11T17:49:02.100Z,ETHUSDT,2068.23
2026-03-11T17:49:02.100Z,SOLUSDT,87.26
2026-03-11T18:04:02.289Z,BTCUSDT,70852.31
2026-03-11T18:04:02.289Z,ETHUSDT,2070.77
2026-03-11T18:04:02.289Z,SOLUSDT,87.57
2026-03-11T18:19:02.312Z,BTCUSDT,70706.98
2026-03-11T18:19:02.312Z,ETHUSDT,2068.44
2026-03-11T18:19:02.312Z,SOLUSDT,87.78
2026-03-11T18:34:02.452Z,BTCUSDT,70679.56
2026-03-11T18:34:02.452Z,ETHUSDT,2072.71
2026-03-11T18:34:02.452Z,SOLUSDT,87.46
2026-03-11T18:49:02.287Z,BTCUSDT,70543.23
2026-03-11T18:49:02.287Z,ETHUSDT,2070.52
2026-03-11T18:49:02.287Z,SOLUSDT,87.51
2026-03-11T19:04:02.310Z,BTCUSDT,70530.63
2026-03-11T19:04:02.310Z,ETHUSDT,2074.05
2026-03-11T19:04:02.310Z,SOLUSDT,87.61
2026-03-11T19:19:02.250Z,BTCUSDT,70437.79
2026-03-11T19:19:02.250Z,ETHUSDT,2070.58
2026-03-11T19:19:02.250Z,SOLUSDT,87.25
2026-03-11T19:34:02.249Z,BTCUSDT,70604.42
2026-03-11T19:34:02.249Z,ETHUSDT,2073.56
2026-03-11T19:34:02.249Z,SOLUSDT,87.53
2026-03-11T19:49:02.152Z,BTCUSDT,70635.23
2026-03-11T19:49:02.152Z,ETHUSDT,2073.69
2026-03-11T19:49:02.152Z,SOLUSDT,87.2
2026-03-11T20:04:02.271Z,BTCUSDT,70485.31
2026-03-11T20:04:02.271Z,ETHUSDT,2071.75
2026-03-11T20:04:02.271Z,SOLUSDT,87.1
2026-03-11T20:19:02.308Z,BTCUSDT,70468.51
2026-03-11T20:19:02.308Z,ETHUSDT,2070.46
2026-03-11T20:19:02.308Z,SOLUSDT,87.2
2026-03-11T20:30:04.080Z,BTCUSDT,70439.9
2026-03-11T20:30:04.080Z,ETHUSDT,2069.68
2026-03-11T20:30:04.080Z,SOLUSDT,87.1
2026-03-11T20:34:02.325Z,BTCUSDT,70477.92
2026-03-11T20:34:02.325Z,ETHUSDT,2068.61
2026-03-11T20:34:02.325Z,SOLUSDT,87.11
2026-03-11T20:49:02.353Z,BTCUSDT,70541.64
2026-03-11T20:49:02.353Z,ETHUSDT,2070.32
2026-03-11T20:49:02.353Z,SOLUSDT,87.37
2026-03-11T21:04:02.295Z,BTCUSDT,70644.14
2026-03-11T21:04:02.295Z,ETHUSDT,2067.47
2026-03-11T21:04:02.295Z,SOLUSDT,87.4
2026-03-11T21:19:02.405Z,BTCUSDT,70570.43
2026-03-11T21:19:02.405Z,ETHUSDT,2066.5
2026-03-11T21:19:02.405Z,SOLUSDT,87.21
2026-03-11T21:34:02.317Z,BTCUSDT,70654
2026-03-11T21:34:02.317Z,ETHUSDT,2069.1
2026-03-11T21:34:02.317Z,SOLUSDT,87.39
2026-03-11T21:49:01.337Z,BTCUSDT,70645.32
2026-03-11T21:49:01.337Z,ETHUSDT,2068.86
2026-03-11T21:49:01.337Z,SOLUSDT,87.41
2026-03-11T21:50:54.258Z,BTCUSDT,70677.81
2026-03-11T21:50:54.258Z,ETHUSDT,2070.48
2026-03-11T21:50:54.258Z,SOLUSDT,87.42
2026-03-11T21:51:06.886Z,BTCUSDT,70677.81
2026-03-11T21:51:06.886Z,ETHUSDT,2071.08
2026-03-11T21:51:06.886Z,SOLUSDT,87.43
2026-03-11T22:04:01.744Z,BTCUSDT,70707.8
2026-03-11T22:04:01.744Z,ETHUSDT,2070.58
2026-03-11T22:04:01.744Z,SOLUSDT,87.45
2026-03-11T22:19:02.529Z,BTCUSDT,70758.25
2026-03-11T22:19:02.529Z,ETHUSDT,2078
2026-03-11T22:19:02.529Z,SOLUSDT,87.62
2026-03-11T22:34:01.660Z,BTCUSDT,70433.06
2026-03-11T22:34:01.660Z,ETHUSDT,2068.22
2026-03-11T22:34:01.660Z,SOLUSDT,87.11
2026-03-11T22:49:01.681Z,BTCUSDT,70481.64
2026-03-11T22:49:01.681Z,ETHUSDT,2066.78
2026-03-11T22:49:01.681Z,SOLUSDT,87.19
2026-03-11T23:04:02.586Z,BTCUSDT,70467.47
2026-03-11T23:04:02.586Z,ETHUSDT,2063.71
2026-03-11T23:04:02.586Z,SOLUSDT,87.16
2026-03-11T23:19:04.303Z,BTCUSDT,70409.95
2026-03-11T23:19:04.303Z,ETHUSDT,2060.91
2026-03-11T23:19:04.303Z,SOLUSDT,87.01
2026-03-11T23:34:03.658Z,BTCUSDT,70296.8
2026-03-11T23:34:03.658Z,ETHUSDT,2056.56
2026-03-11T23:34:03.658Z,SOLUSDT,86.71
2026-03-11T23:49:04.564Z,BTCUSDT,70157.33
2026-03-11T23:49:04.564Z,ETHUSDT,2049.01
2026-03-11T23:49:04.564Z,SOLUSDT,86.51
2026-03-12T00:04:02.243Z,BTCUSDT,70202.89
2026-03-12T00:04:02.243Z,ETHUSDT,2050.49
2026-03-12T00:04:02.243Z,SOLUSDT,86.5
2026-03-12T00:19:01.725Z,BTCUSDT,70264.15
2026-03-12T00:19:01.725Z,ETHUSDT,2053.13
2026-03-12T00:19:01.725Z,SOLUSDT,86.61
2026-03-12T00:34:01.712Z,BTCUSDT,70203.4
2026-03-12T00:34:01.712Z,ETHUSDT,2052.75
2026-03-12T00:34:01.712Z,SOLUSDT,86.52
2026-03-12T00:49:01.696Z,BTCUSDT,70255.72
2026-03-12T00:49:01.696Z,ETHUSDT,2055.14
2026-03-12T00:49:01.696Z,SOLUSDT,86.69
2026-03-12T01:04:01.735Z,BTCUSDT,69988.49
2026-03-12T01:04:01.735Z,ETHUSDT,2046.38
2026-03-12T01:04:01.735Z,SOLUSDT,86.28
2026-03-12T01:19:03.088Z,BTCUSDT,69966.09
2026-03-12T01:19:03.088Z,ETHUSDT,2049.23
2026-03-12T01:19:03.088Z,SOLUSDT,86.32
2026-03-12T01:34:01.770Z,BTCUSDT,69827.68
2026-03-12T01:34:01.770Z,ETHUSDT,2046.12
2026-03-12T01:34:01.770Z,SOLUSDT,86.21
2026-03-12T01:49:01.710Z,BTCUSDT,69848.43
2026-03-12T01:49:01.710Z,ETHUSDT,2047.67
2026-03-12T01:49:01.710Z,SOLUSDT,86
2026-03-12T02:02:48.300Z,BTCUSDT,69767.23
2026-03-12T02:02:48.300Z,ETHUSDT,2043.58
2026-03-12T02:02:48.300Z,SOLUSDT,85.94
2026-03-12T02:04:01.786Z,BTCUSDT,69822.87
2026-03-12T02:04:01.786Z,ETHUSDT,2045.62
2026-03-12T02:04:01.786Z,SOLUSDT,86.03
2026-03-12T02:15:05.209Z,BTCUSDT,69786.94
2026-03-12T02:15:05.209Z,ETHUSDT,2043.85
2026-03-12T02:15:05.209Z,SOLUSDT,86.07
2026-03-12T02:19:01.739Z,BTCUSDT,69688
2026-03-12T02:19:01.739Z,ETHUSDT,2041.82
2026-03-12T02:19:01.739Z,SOLUSDT,85.91
2026-03-12T02:34:01.901Z,BTCUSDT,69505.2
2026-03-12T02:34:01.901Z,ETHUSDT,2036.1
2026-03-12T02:34:01.901Z,SOLUSDT,85.69
2026-03-12T02:49:01.761Z,BTCUSDT,69458.51
2026-03-12T02:49:01.761Z,ETHUSDT,2030.91
2026-03-12T02:49:01.761Z,SOLUSDT,85.5
2026-03-12T03:04:01.800Z,BTCUSDT,69323.78
2026-03-12T03:04:01.800Z,ETHUSDT,2026.65
2026-03-12T03:04:01.800Z,SOLUSDT,85.3
2026-03-12T03:15:06.635Z,BTCUSDT,69379.22
2026-03-12T03:15:06.635Z,ETHUSDT,2026.11
2026-03-12T03:15:06.635Z,SOLUSDT,85.25
2026-03-12T03:19:01.764Z,BTCUSDT,69409.31
2026-03-12T03:19:01.764Z,ETHUSDT,2026.83
2026-03-12T03:19:01.764Z,SOLUSDT,85.24
2026-03-12T03:34:01.870Z,BTCUSDT,69575.92
2026-03-12T03:34:01.870Z,ETHUSDT,2033.82
2026-03-12T03:34:01.870Z,SOLUSDT,85.37
2026-03-12T03:49:01.906Z,BTCUSDT,69332.56
2026-03-12T03:49:01.906Z,ETHUSDT,2020.45
2026-03-12T03:49:01.906Z,SOLUSDT,84.82
2026-03-12T04:04:01.836Z,BTCUSDT,69558.17
2026-03-12T04:04:01.836Z,ETHUSDT,2025.45
2026-03-12T04:04:01.836Z,SOLUSDT,85.23
2026-03-12T04:19:01.989Z,BTCUSDT,69517.11
2026-03-12T04:19:01.989Z,ETHUSDT,2026.76
2026-03-12T04:19:01.989Z,SOLUSDT,85.16
2026-03-12T04:34:01.844Z,BTCUSDT,69450.32
2026-03-12T04:34:01.844Z,ETHUSDT,2026.63
2026-03-12T04:34:01.844Z,SOLUSDT,85.05
2026-03-12T04:49:01.906Z,BTCUSDT,69352.1
2026-03-12T04:49:01.906Z,ETHUSDT,2023.41
2026-03-12T04:49:01.906Z,SOLUSDT,85.08
2026-03-12T05:04:01.863Z,BTCUSDT,69406.46
2026-03-12T05:04:01.863Z,ETHUSDT,2025.42
2026-03-12T05:04:01.863Z,SOLUSDT,85.25
2026-03-12T05:19:01.900Z,BTCUSDT,69396.54
2026-03-12T05:19:01.900Z,ETHUSDT,2024.1
2026-03-12T05:19:01.900Z,SOLUSDT,85.1
2026-03-12T05:34:01.878Z,BTCUSDT,69338.37
2026-03-12T05:34:01.878Z,ETHUSDT,2023.02
2026-03-12T05:34:01.878Z,SOLUSDT,84.98
2026-03-12T05:45:03.660Z,BTCUSDT,69515.04
2026-03-12T05:45:03.660Z,ETHUSDT,2027.27
2026-03-12T05:45:03.660Z,SOLUSDT,85.24
2026-03-12T05:49:01.925Z,BTCUSDT,69435.77
2026-03-12T05:49:01.925Z,ETHUSDT,2024.42
2026-03-12T05:49:01.925Z,SOLUSDT,85.1
2026-03-12T06:04:01.909Z,BTCUSDT,69447.36
2026-03-12T06:04:01.909Z,ETHUSDT,2027.9
2026-03-12T06:04:01.909Z,SOLUSDT,85.14
2026-03-12T06:19:04.573Z,BTCUSDT,69460.98
2026-03-12T06:19:04.573Z,ETHUSDT,2028.69
2026-03-12T06:19:04.573Z,SOLUSDT,85.13
2026-03-12T06:34:03.291Z,BTCUSDT,69494.32
2026-03-12T06:34:03.291Z,ETHUSDT,2030.09
2026-03-12T06:34:03.291Z,SOLUSDT,85.33
2026-03-12T06:49:02.313Z,BTCUSDT,69466.51
2026-03-12T06:49:02.313Z,ETHUSDT,2028.96
2026-03-12T06:49:02.313Z,SOLUSDT,85.3
2026-03-12T07:04:02.296Z,BTCUSDT,69497.38
2026-03-12T07:04:02.296Z,ETHUSDT,2030.42
2026-03-12T07:04:02.296Z,SOLUSDT,85.49
2026-03-12T07:19:02.288Z,BTCUSDT,69527.62
2026-03-12T07:19:02.288Z,ETHUSDT,2029.23
2026-03-12T07:19:02.288Z,SOLUSDT,85.32
2026-03-12T07:30:05.646Z,BTCUSDT,69610.32
2026-03-12T07:30:05.646Z,ETHUSDT,2033.7
2026-03-12T07:30:05.646Z,SOLUSDT,85.55
2026-03-12T07:34:02.286Z,BTCUSDT,69744.97
2026-03-12T07:34:02.286Z,ETHUSDT,2039.24
2026-03-12T07:34:02.286Z,SOLUSDT,85.76
2026-03-12T07:49:01.889Z,BTCUSDT,69806.37
2026-03-12T07:49:01.889Z,ETHUSDT,2039.5
2026-03-12T07:49:01.889Z,SOLUSDT,85.84
2026-03-12T08:04:01.946Z,BTCUSDT,69872.01
2026-03-12T08:04:01.946Z,ETHUSDT,2043.33
2026-03-12T08:04:01.946Z,SOLUSDT,86
2026-03-12T08:19:01.906Z,BTCUSDT,70091.18
2026-03-12T08:19:01.906Z,ETHUSDT,2050.94
2026-03-12T08:19:01.906Z,SOLUSDT,86.13
2026-03-12T08:34:01.992Z,BTCUSDT,69830
2026-03-12T08:34:01.992Z,ETHUSDT,2045.64
2026-03-12T08:34:01.992Z,SOLUSDT,85.88
2026-03-12T08:49:01.965Z,BTCUSDT,69794.94
2026-03-12T08:49:01.965Z,ETHUSDT,2045.2
2026-03-12T08:49:01.965Z,SOLUSDT,85.84
2026-03-12T09:04:02.002Z,BTCUSDT,69873.97
2026-03-12T09:04:02.002Z,ETHUSDT,2047.56
2026-03-12T09:04:02.002Z,SOLUSDT,85.89
2026-03-12T09:19:01.986Z,BTCUSDT,69647.07
2026-03-12T09:19:01.986Z,ETHUSDT,2041.76
2026-03-12T09:19:01.986Z,SOLUSDT,85.56
2026-03-12T09:34:01.982Z,BTCUSDT,69786.02
2026-03-12T09:34:01.982Z,ETHUSDT,2041.22
2026-03-12T09:34:01.982Z,SOLUSDT,85.68
2026-03-12T09:45:06.828Z,BTCUSDT,70336.5
2026-03-12T09:45:06.828Z,ETHUSDT,2064.49
2026-03-12T09:45:06.828Z,SOLUSDT,86.65
2026-03-12T09:49:02.046Z,BTCUSDT,69937.69
2026-03-12T09:49:02.046Z,ETHUSDT,2052.95
2026-03-12T09:49:02.046Z,SOLUSDT,86.01
2026-03-12T10:04:02.011Z,BTCUSDT,69985.96
2026-03-12T10:04:02.011Z,ETHUSDT,2055.53
2026-03-12T10:04:02.011Z,SOLUSDT,86.16
2026-03-12T10:19:02.083Z,BTCUSDT,70038.54
2026-03-12T10:19:02.083Z,ETHUSDT,2058.22
2026-03-12T10:19:02.083Z,SOLUSDT,86.32
2026-03-12T10:34:02.035Z,BTCUSDT,70210.3
2026-03-12T10:34:02.035Z,ETHUSDT,2065.29
2026-03-12T10:34:02.035Z,SOLUSDT,86.59
2026-03-12T10:49:02.083Z,BTCUSDT,70377.12
2026-03-12T10:49:02.083Z,ETHUSDT,2070.87
2026-03-12T10:49:02.083Z,SOLUSDT,86.73
2026-03-12T11:04:02.148Z,BTCUSDT,70465.19
2026-03-12T11:04:02.148Z,ETHUSDT,2070.19
2026-03-12T11:04:02.148Z,SOLUSDT,86.82
2026-03-12T11:19:02.167Z,BTCUSDT,70514.08
2026-03-12T11:19:02.167Z,ETHUSDT,2070.19
2026-03-12T11:19:02.167Z,SOLUSDT,86.93
2026-03-12T11:30:05.900Z,BTCUSDT,70552
2026-03-12T11:30:05.900Z,ETHUSDT,2070.19
2026-03-12T11:30:05.900Z,SOLUSDT,86.83
2026-03-12T11:34:02.043Z,BTCUSDT,70525.78
2026-03-12T11:34:02.043Z,ETHUSDT,2070.75
2026-03-12T11:34:02.043Z,SOLUSDT,86.82
2026-03-12T11:49:02.194Z,BTCUSDT,70607.03
2026-03-12T11:49:02.194Z,ETHUSDT,2070.89
2026-03-12T11:49:02.194Z,SOLUSDT,86.95
2026-03-12T12:04:02.094Z,BTCUSDT,70369.1
2026-03-12T12:04:02.094Z,ETHUSDT,2060.73
2026-03-12T12:04:02.094Z,SOLUSDT,86.71
2026-03-12T12:19:02.078Z,BTCUSDT,70402.19
2026-03-12T12:19:02.078Z,ETHUSDT,2062.8
2026-03-12T12:19:02.078Z,SOLUSDT,87.09
2026-03-12T12:34:02.069Z,BTCUSDT,70333.4
2026-03-12T12:34:02.069Z,ETHUSDT,2061.45
2026-03-12T12:34:02.069Z,SOLUSDT,87.11
2026-03-12T12:49:02.114Z,BTCUSDT,70617.65
2026-03-12T12:49:02.114Z,ETHUSDT,2070.72
2026-03-12T12:49:02.114Z,SOLUSDT,87.44
2026-03-12T13:04:02.138Z,BTCUSDT,70449.5
2026-03-12T13:04:02.138Z,ETHUSDT,2067.62
2026-03-12T13:04:02.138Z,SOLUSDT,87.36
2026-03-12T13:15:05.693Z,BTCUSDT,70429.09
2026-03-12T13:15:05.693Z,ETHUSDT,2065.68
2026-03-12T13:15:05.693Z,SOLUSDT,87.33
2026-03-12T13:19:02.968Z,BTCUSDT,70234.78
2026-03-12T13:19:02.968Z,ETHUSDT,2060.41
2026-03-12T13:19:02.968Z,SOLUSDT,86.97
2026-03-12T13:30:05.286Z,BTCUSDT,70070.4
2026-03-12T13:30:05.286Z,ETHUSDT,2055.34
2026-03-12T13:30:05.286Z,SOLUSDT,86.89
2026-03-12T13:34:02.126Z,BTCUSDT,70195.89
2026-03-12T13:34:02.126Z,ETHUSDT,2061
2026-03-12T13:34:02.126Z,SOLUSDT,87.21
2026-03-12T13:49:02.114Z,BTCUSDT,69926.91
2026-03-12T13:49:02.114Z,ETHUSDT,2063.28
2026-03-12T13:49:02.114Z,SOLUSDT,86.72
2026-03-12T14:02:18.847Z,BTCUSDT,70206.23
2026-03-12T14:02:18.847Z,ETHUSDT,2075.08
2026-03-12T14:02:18.847Z,SOLUSDT,87.11
2026-03-12T14:04:02.121Z,BTCUSDT,70323.74
2026-03-12T14:04:02.121Z,ETHUSDT,2081.61
2026-03-12T14:04:02.121Z,SOLUSDT,87.28
2026-03-12T14:15:04.838Z,BTCUSDT,70477.84
2026-03-12T14:15:04.838Z,ETHUSDT,2083.27
2026-03-12T14:15:04.838Z,SOLUSDT,87.41
2026-03-12T14:19:02.126Z,BTCUSDT,70116.37
2026-03-12T14:19:02.126Z,ETHUSDT,2075.39
2026-03-12T14:19:02.126Z,SOLUSDT,86.88
2026-03-12T14:34:02.421Z,BTCUSDT,69711.28
2026-03-12T14:34:02.421Z,ETHUSDT,2048.83
2026-03-12T14:34:02.421Z,SOLUSDT,85.9
2026-03-12T14:49:06.076Z,BTCUSDT,69470.25
2026-03-12T14:49:06.076Z,ETHUSDT,2042.26
2026-03-12T14:49:06.076Z,SOLUSDT,85.33
2026-03-12T15:04:02.439Z,BTCUSDT,69748.07
2026-03-12T15:04:02.439Z,ETHUSDT,2051.64
2026-03-12T15:04:02.439Z,SOLUSDT,85.76
2026-03-12T15:19:02.222Z,BTCUSDT,69803.26
2026-03-12T15:19:02.222Z,ETHUSDT,2049.28
2026-03-12T15:19:02.222Z,SOLUSDT,85.62
2026-03-12T15:30:09.594Z,BTCUSDT,70246.49
2026-03-12T15:30:09.594Z,ETHUSDT,2067.23
2026-03-12T15:30:09.594Z,SOLUSDT,86.33
2026-03-12T15:34:02.339Z,BTCUSDT,70194.25
2026-03-12T15:34:02.339Z,ETHUSDT,2067.21
2026-03-12T15:34:02.339Z,SOLUSDT,86.33
2026-03-12T15:49:02.446Z,BTCUSDT,70433.9
2026-03-12T15:49:02.446Z,ETHUSDT,2072.93
2026-03-12T15:49:02.446Z,SOLUSDT,86.88
2026-03-12T16:04:02.240Z,BTCUSDT,70412.87
2026-03-12T16:04:02.240Z,ETHUSDT,2073.13
2026-03-12T16:04:02.240Z,SOLUSDT,86.77
2026-03-12T16:19:02.330Z,BTCUSDT,70256.74
2026-03-12T16:19:02.330Z,ETHUSDT,2068.74
2026-03-12T16:19:02.330Z,SOLUSDT,86.34
2026-03-12T16:30:07.101Z,BTCUSDT,70059.99
2026-03-12T16:30:07.101Z,ETHUSDT,2063.14
2026-03-12T16:30:07.101Z,SOLUSDT,86.17
2026-03-12T16:34:02.296Z,BTCUSDT,70302.26
2026-03-12T16:34:02.296Z,ETHUSDT,2070.4
2026-03-12T16:34:02.296Z,SOLUSDT,86.46
2026-03-12T16:45:04.620Z,BTCUSDT,70374.66
2026-03-12T16:45:04.620Z,ETHUSDT,2070.73
2026-03-12T16:45:04.620Z,SOLUSDT,86.82
2026-03-12T16:49:02.265Z,BTCUSDT,70353.34
2026-03-12T16:49:02.265Z,ETHUSDT,2068.55
2026-03-12T16:49:02.265Z,SOLUSDT,86.84
2026-03-12T17:04:02.279Z,BTCUSDT,70484
2026-03-12T17:04:02.279Z,ETHUSDT,2071.15
2026-03-12T17:04:02.279Z,SOLUSDT,86.76
2026-03-12T17:05:00.499Z,BTCUSDT,70463.8
2026-03-12T17:05:00.499Z,ETHUSDT,2071.02
2026-03-12T17:05:00.499Z,SOLUSDT,86.72
2026-03-12T17:19:02.377Z,BTCUSDT,70381.26
2026-03-12T17:19:02.377Z,ETHUSDT,2066.93
2026-03-12T17:19:02.377Z,SOLUSDT,86.59
2026-03-12T17:34:02.253Z,BTCUSDT,70350.64
2026-03-12T17:34:02.253Z,ETHUSDT,2062.47
2026-03-12T17:34:02.253Z,SOLUSDT,86.52
2026-03-12T17:49:02.471Z,BTCUSDT,70335.59
2026-03-12T17:49:02.471Z,ETHUSDT,2062.81
2026-03-12T17:49:02.471Z,SOLUSDT,86.82
2026-03-12T18:04:02.413Z,BTCUSDT,70214.04
2026-03-12T18:04:02.413Z,ETHUSDT,2058.93
2026-03-12T18:04:02.413Z,SOLUSDT,86.6
2026-03-12T18:19:02.521Z,BTCUSDT,70131.13
2026-03-12T18:19:02.521Z,ETHUSDT,2054.93
2026-03-12T18:19:02.521Z,SOLUSDT,86.34
2026-03-12T18:34:02.287Z,BTCUSDT,69987.68
2026-03-12T18:34:02.287Z,ETHUSDT,2054.98
2026-03-12T18:34:02.287Z,SOLUSDT,86.15
2026-03-12T18:49:02.472Z,BTCUSDT,69834.95
2026-03-12T18:49:02.472Z,ETHUSDT,2049.95
2026-03-12T18:49:02.472Z,SOLUSDT,85.93
2026-03-12T19:04:02.441Z,BTCUSDT,69860.66
2026-03-12T19:04:02.441Z,ETHUSDT,2049.71
2026-03-12T19:04:02.441Z,SOLUSDT,85.91
2026-03-12T19:19:02.428Z,BTCUSDT,70111.27
2026-03-12T19:19:02.428Z,ETHUSDT,2056.69
2026-03-12T19:19:02.428Z,SOLUSDT,86.2
2026-03-12T19:30:04.435Z,BTCUSDT,70232.07
2026-03-12T19:30:04.435Z,ETHUSDT,2062.29
2026-03-12T19:30:04.435Z,SOLUSDT,86.51
2026-03-12T19:34:02.378Z,BTCUSDT,70315.62
2026-03-12T19:34:02.378Z,ETHUSDT,2066.41
2026-03-12T19:34:02.378Z,SOLUSDT,86.66
2026-03-12T19:49:02.534Z,BTCUSDT,70349.99
2026-03-12T19:49:02.534Z,ETHUSDT,2071.27
2026-03-12T19:49:02.534Z,SOLUSDT,86.76
2026-03-12T20:04:02.677Z,BTCUSDT,70474.36
2026-03-12T20:04:02.677Z,ETHUSDT,2071.08
2026-03-12T20:04:02.677Z,SOLUSDT,86.84
2026-03-12T20:19:02.535Z,BTCUSDT,70305.76
2026-03-12T20:19:02.535Z,ETHUSDT,2066.34
2026-03-12T20:19:02.535Z,SOLUSDT,86.61
2026-03-12T20:30:05.222Z,BTCUSDT,70276.18
2026-03-12T20:30:05.222Z,ETHUSDT,2065.92
2026-03-12T20:30:05.222Z,SOLUSDT,86.62
2026-03-12T20:34:02.414Z,BTCUSDT,70233.02
2026-03-12T20:34:02.414Z,ETHUSDT,2063.33
2026-03-12T20:34:02.414Z,SOLUSDT,86.5
2026-03-12T20:49:02.483Z,BTCUSDT,70236.23
2026-03-12T20:49:02.483Z,ETHUSDT,2065
2026-03-12T20:49:02.483Z,SOLUSDT,86.64
2026-03-12T21:04:02.668Z,BTCUSDT,70269.56
2026-03-12T21:04:02.668Z,ETHUSDT,2064.51
2026-03-12T21:04:02.668Z,SOLUSDT,86.48
2026-03-12T21:19:03.804Z,BTCUSDT,70329.47
2026-03-12T21:19:03.804Z,ETHUSDT,2063.88
2026-03-12T21:19:03.804Z,SOLUSDT,86.5
2026-03-12T21:34:02.621Z,BTCUSDT,70212.83
2026-03-12T21:34:02.621Z,ETHUSDT,2058.11
2026-03-12T21:34:02.621Z,SOLUSDT,86.23
2026-03-12T21:49:02.423Z,BTCUSDT,70263.05
2026-03-12T21:49:02.423Z,ETHUSDT,2059.51
2026-03-12T21:49:02.423Z,SOLUSDT,86.31
2026-03-12T22:04:02.534Z,BTCUSDT,70250.41
2026-03-12T22:04:02.534Z,ETHUSDT,2064.5
2026-03-12T22:04:02.534Z,SOLUSDT,86.51
2026-03-12T22:19:02.474Z,BTCUSDT,70159.9
2026-03-12T22:19:02.474Z,ETHUSDT,2063.32
2026-03-12T22:19:02.474Z,SOLUSDT,86.35
2026-03-12T22:34:02.347Z,BTCUSDT,70188.67
2026-03-12T22:34:02.347Z,ETHUSDT,2064.81
2026-03-12T22:34:02.347Z,SOLUSDT,86.26
2026-03-12T22:49:02.637Z,BTCUSDT,70111.28
2026-03-12T22:49:02.637Z,ETHUSDT,2059.25
2026-03-12T22:49:02.637Z,SOLUSDT,86.13
2026-03-12T23:04:04.706Z,BTCUSDT,70326.75
2026-03-12T23:04:04.706Z,ETHUSDT,2072.99
2026-03-12T23:04:04.706Z,SOLUSDT,86.66
2026-03-12T23:19:06.323Z,BTCUSDT,70536.86
2026-03-12T23:19:06.323Z,ETHUSDT,2086
2026-03-12T23:19:06.323Z,SOLUSDT,86.98
2026-03-12T23:30:09.758Z,BTCUSDT,70537.45
2026-03-12T23:30:09.758Z,ETHUSDT,2082.54
2026-03-12T23:30:09.758Z,SOLUSDT,86.91
2026-03-12T23:34:04.253Z,BTCUSDT,70542.55
2026-03-12T23:34:04.253Z,ETHUSDT,2080.23
2026-03-12T23:34:04.253Z,SOLUSDT,86.92
2026-03-12T23:45:08.757Z,BTCUSDT,70651.07
2026-03-12T23:45:08.757Z,ETHUSDT,2082.73
2026-03-12T23:45:08.757Z,SOLUSDT,87.02
2026-03-12T23:49:05.843Z,BTCUSDT,70543.51
2026-03-12T23:49:05.843Z,ETHUSDT,2076.52
2026-03-12T23:49:05.843Z,SOLUSDT,86.96
2026-03-13T00:01:24.525Z,BTCUSDT,70408.79
2026-03-13T00:01:24.525Z,ETHUSDT,2071.48
2026-03-13T00:01:24.525Z,SOLUSDT,86.77
2026-03-13T00:04:06.863Z,BTCUSDT,70476
2026-03-13T00:04:06.863Z,ETHUSDT,2073.76
2026-03-13T00:04:06.863Z,SOLUSDT,86.83
2026-03-13T00:19:04.369Z,BTCUSDT,71320.33
2026-03-13T00:19:04.369Z,ETHUSDT,2108.47
2026-03-13T00:19:04.369Z,SOLUSDT,88.39
2026-03-13T00:30:07.442Z,BTCUSDT,71538.29
2026-03-13T00:30:07.442Z,ETHUSDT,2138.56
2026-03-13T00:30:07.442Z,SOLUSDT,89.98
2026-03-13T00:34:08.325Z,BTCUSDT,71890.7
2026-03-13T00:34:08.325Z,ETHUSDT,2142.78
2026-03-13T00:34:08.325Z,SOLUSDT,90.73
2026-03-13T00:49:04.802Z,BTCUSDT,71443.05
2026-03-13T00:49:04.802Z,ETHUSDT,2124.63
2026-03-13T00:49:04.802Z,SOLUSDT,90.05
2026-03-13T01:04:04.035Z,BTCUSDT,71581.61
2026-03-13T01:04:04.035Z,ETHUSDT,2122.66
2026-03-13T01:04:04.035Z,SOLUSDT,90.05
2026-03-13T01:19:04.062Z,BTCUSDT,71637.11
2026-03-13T01:19:04.062Z,ETHUSDT,2126.32
2026-03-13T01:19:04.062Z,SOLUSDT,90.17
2026-03-13T01:30:08.541Z,BTCUSDT,71512.96
2026-03-13T01:30:08.541Z,ETHUSDT,2122.51
2026-03-13T01:30:08.541Z,SOLUSDT,90.34
2026-03-13T01:34:03.641Z,BTCUSDT,71588.19
2026-03-13T01:34:03.641Z,ETHUSDT,2125.41
2026-03-13T01:34:03.641Z,SOLUSDT,90.45
2026-03-13T01:45:05.847Z,BTCUSDT,71624.74
2026-03-13T01:45:05.847Z,ETHUSDT,2126.87
2026-03-13T01:45:05.847Z,SOLUSDT,90.6
2026-03-13T01:49:03.860Z,BTCUSDT,71570.24
2026-03-13T01:49:03.860Z,ETHUSDT,2124.26
2026-03-13T01:49:03.860Z,SOLUSDT,90.4
2026-03-13T02:01:26.446Z,BTCUSDT,71575.89
2026-03-13T02:01:26.446Z,ETHUSDT,2122.34
2026-03-13T02:01:26.446Z,SOLUSDT,90.4
2026-03-13T02:04:04.719Z,BTCUSDT,71573.45
2026-03-13T02:04:04.719Z,ETHUSDT,2123.66
2026-03-13T02:04:04.719Z,SOLUSDT,90.28
2026-03-13T02:19:03.768Z,BTCUSDT,71527.67
2026-03-13T02:19:03.768Z,ETHUSDT,2120.49
2026-03-13T02:19:03.768Z,SOLUSDT,90.05
2026-03-13T02:34:05.043Z,BTCUSDT,71395.83
2026-03-13T02:34:05.043Z,ETHUSDT,2114.08
2026-03-13T02:34:05.043Z,SOLUSDT,89.7
2026-03-13T02:49:04.312Z,BTCUSDT,71271.83
2026-03-13T02:49:04.312Z,ETHUSDT,2111.48
2026-03-13T02:49:04.312Z,SOLUSDT,89.3
2026-03-13T03:04:04.890Z,BTCUSDT,71176.12
2026-03-13T03:04:04.890Z,ETHUSDT,2107.37
2026-03-13T03:04:04.890Z,SOLUSDT,89.2
2026-03-13T03:19:04.272Z,BTCUSDT,71200.75
2026-03-13T03:19:04.272Z,ETHUSDT,2108.76
2026-03-13T03:19:04.272Z,SOLUSDT,89.47
2026-03-13T03:34:05.671Z,BTCUSDT,71138.9
2026-03-13T03:34:05.671Z,ETHUSDT,2109.7
2026-03-13T03:34:05.671Z,SOLUSDT,89.31
2026-03-13T03:49:13.345Z,BTCUSDT,71222.86
2026-03-13T03:49:13.345Z,ETHUSDT,2111.82
2026-03-13T03:49:13.345Z,SOLUSDT,89.49
2026-03-13T04:04:04.635Z,BTCUSDT,71413.74
2026-03-13T04:04:04.635Z,ETHUSDT,2119.08
2026-03-13T04:04:04.635Z,SOLUSDT,89.71
2026-03-13T04:19:12.823Z,BTCUSDT,71320.56
2026-03-13T04:19:12.823Z,ETHUSDT,2114.77
2026-03-13T04:19:12.823Z,SOLUSDT,89.42
2026-03-13T04:30:09.521Z,BTCUSDT,71329.99
2026-03-13T04:30:09.521Z,ETHUSDT,2112.7
2026-03-13T04:30:09.521Z,SOLUSDT,89.31
2026-03-13T04:34:04.349Z,BTCUSDT,71337.02
2026-03-13T04:34:04.349Z,ETHUSDT,2112.19
2026-03-13T04:34:04.349Z,SOLUSDT,89.33
2026-03-13T04:49:04.284Z,BTCUSDT,71358.43
2026-03-13T04:49:04.284Z,ETHUSDT,2112.45
2026-03-13T04:49:04.284Z,SOLUSDT,89.33
2026-03-13T05:02:02.729Z,BTCUSDT,71374.65
2026-03-13T05:02:02.729Z,ETHUSDT,2110.69
2026-03-13T05:02:02.729Z,SOLUSDT,89.28
2026-03-13T05:04:04.269Z,BTCUSDT,71369.09
2026-03-13T05:04:04.269Z,ETHUSDT,2109.19
2026-03-13T05:04:04.269Z,SOLUSDT,89.19
2026-03-13T05:15:05.843Z,BTCUSDT,71271.83
2026-03-13T05:15:05.843Z,ETHUSDT,2104.99
2026-03-13T05:15:05.843Z,SOLUSDT,88.98
2026-03-13T05:19:03.726Z,BTCUSDT,71326.45
2026-03-13T05:19:03.726Z,ETHUSDT,2107.64
2026-03-13T05:19:03.726Z,SOLUSDT,89.06
2026-03-13T05:34:04.136Z,BTCUSDT,71572.49
2026-03-13T05:34:04.136Z,ETHUSDT,2113.69
2026-03-13T05:34:04.136Z,SOLUSDT,89.29
2026-03-13T05:49:02.890Z,BTCUSDT,71517.32
2026-03-13T05:49:02.890Z,ETHUSDT,2110.29
2026-03-13T05:49:02.890Z,SOLUSDT,88.96
2026-03-13T06:04:03.062Z,BTCUSDT,71512.64
2026-03-13T06:04:03.062Z,ETHUSDT,2108.57
2026-03-13T06:04:03.062Z,SOLUSDT,89.04
2026-03-13T06:19:02.853Z,BTCUSDT,71473
2026-03-13T06:19:02.853Z,ETHUSDT,2109.88
2026-03-13T06:19:02.853Z,SOLUSDT,89.08
2026-03-13T06:34:02.413Z,BTCUSDT,71251.71
2026-03-13T06:34:02.413Z,ETHUSDT,2093.58
2026-03-13T06:34:02.413Z,SOLUSDT,88.27
2026-03-13T06:49:03.374Z,BTCUSDT,71240.8
2026-03-13T06:49:03.374Z,ETHUSDT,2091.67
2026-03-13T06:49:03.374Z,SOLUSDT,88.45
2026-03-13T07:04:03.454Z,BTCUSDT,71370.98
2026-03-13T07:04:03.454Z,ETHUSDT,2097.56
2026-03-13T07:04:03.454Z,SOLUSDT,88.44
2026-03-13T07:19:03.015Z,BTCUSDT,71491.25
2026-03-13T07:19:03.015Z,ETHUSDT,2100.97
2026-03-13T07:19:03.015Z,SOLUSDT,88.78
2026-03-13T07:34:02.981Z,BTCUSDT,71408.39
2026-03-13T07:34:02.981Z,ETHUSDT,2097.61
2026-03-13T07:34:02.981Z,SOLUSDT,88.62
2026-03-13T07:49:02.781Z,BTCUSDT,71561.52
2026-03-13T07:49:02.781Z,ETHUSDT,2096.85
2026-03-13T07:49:02.781Z,SOLUSDT,88.52
2026-03-13T08:04:03.399Z,BTCUSDT,71492.9
2026-03-13T08:04:03.399Z,ETHUSDT,2095.5
2026-03-13T08:04:03.399Z,SOLUSDT,88.48
2026-03-13T08:19:03.093Z,BTCUSDT,71576.81
2026-03-13T08:19:03.093Z,ETHUSDT,2098.24
2026-03-13T08:19:03.093Z,SOLUSDT,88.75
2026-03-13T08:34:02.816Z,BTCUSDT,71686.32
2026-03-13T08:34:02.816Z,ETHUSDT,2102.54
2026-03-13T08:34:02.816Z,SOLUSDT,89.02
2026-03-13T08:49:02.470Z,BTCUSDT,71822.61
2026-03-13T08:49:02.470Z,ETHUSDT,2101.58
2026-03-13T08:49:02.470Z,SOLUSDT,89.16
2026-03-13T09:04:02.939Z,BTCUSDT,71900.29
2026-03-13T09:04:02.939Z,ETHUSDT,2104.17
2026-03-13T09:04:02.939Z,SOLUSDT,89.27
2026-03-13T09:19:03.214Z,BTCUSDT,71737.21
2026-03-13T09:19:03.214Z,ETHUSDT,2101.86
2026-03-13T09:19:03.214Z,SOLUSDT,89.03
2026-03-13T09:34:02.726Z,BTCUSDT,71890.86
2026-03-13T09:34:02.726Z,ETHUSDT,2105.79
2026-03-13T09:34:02.726Z,SOLUSDT,89.31
2026-03-13T09:49:02.933Z,BTCUSDT,71969.61
2026-03-13T09:49:02.933Z,ETHUSDT,2110.64
2026-03-13T09:49:02.933Z,SOLUSDT,89.45
2026-03-13T10:04:04.830Z,BTCUSDT,72161.1
2026-03-13T10:04:04.830Z,ETHUSDT,2120.42
2026-03-13T10:04:04.830Z,SOLUSDT,89.72
2026-03-13T10:19:04.299Z,BTCUSDT,72444.98
2026-03-13T10:19:04.299Z,ETHUSDT,2128.37
2026-03-13T10:19:04.299Z,SOLUSDT,89.82
2026-03-13T10:34:03.487Z,BTCUSDT,72391.45
2026-03-13T10:34:03.487Z,ETHUSDT,2126.74
2026-03-13T10:34:03.487Z,SOLUSDT,89.94
2026-03-13T10:49:03.873Z,BTCUSDT,72557.93
2026-03-13T10:49:03.873Z,ETHUSDT,2132.04
2026-03-13T10:49:03.873Z,SOLUSDT,90.29
2026-03-13T11:04:08.449Z,BTCUSDT,72377.62
2026-03-13T11:04:08.449Z,ETHUSDT,2125.41
2026-03-13T11:04:08.449Z,SOLUSDT,90.14
2026-03-13T11:19:04.199Z,BTCUSDT,72368.5
2026-03-13T11:19:04.199Z,ETHUSDT,2125.11
2026-03-13T11:19:04.199Z,SOLUSDT,90.13
2026-03-13T11:34:01.600Z,BTCUSDT,72353.8
2026-03-13T11:34:01.600Z,ETHUSDT,2126.85
2026-03-13T11:34:01.600Z,SOLUSDT,90.18
2026-03-13T11:49:01.803Z,BTCUSDT,72259.36
2026-03-13T11:49:01.803Z,ETHUSDT,2119.59
2026-03-13T11:49:01.803Z,SOLUSDT,90.2
2026-03-13T12:02:59.750Z,BTCUSDT,72312.84
2026-03-13T12:02:59.750Z,ETHUSDT,2124.82
2026-03-13T12:02:59.750Z,SOLUSDT,90.49
2026-03-13T12:04:01.598Z,BTCUSDT,72392.2
2026-03-13T12:04:01.598Z,ETHUSDT,2128.35
2026-03-13T12:04:01.598Z,SOLUSDT,90.58
2026-03-13T12:19:01.684Z,BTCUSDT,72347.55
2026-03-13T12:19:01.684Z,ETHUSDT,2128.69
2026-03-13T12:19:01.684Z,SOLUSDT,90.3
2026-03-13T12:34:01.733Z,BTCUSDT,72492.89
2026-03-13T12:34:01.733Z,ETHUSDT,2132.08
2026-03-13T12:34:01.733Z,SOLUSDT,90.53
2026-03-13T12:49:01.636Z,BTCUSDT,72855.89
2026-03-13T12:49:01.636Z,ETHUSDT,2151.11
2026-03-13T12:49:01.636Z,SOLUSDT,91.34
2026-03-13T13:04:01.661Z,BTCUSDT,72761.99
2026-03-13T13:04:01.661Z,ETHUSDT,2144.25
2026-03-13T13:04:01.661Z,SOLUSDT,91.03
2026-03-13T13:19:01.863Z,BTCUSDT,73129.87
2026-03-13T13:19:01.863Z,ETHUSDT,2183.66
2026-03-13T13:19:01.863Z,SOLUSDT,91.89
2026-03-13T13:34:01.789Z,BTCUSDT,73194.45
2026-03-13T13:34:01.789Z,ETHUSDT,2185.99
2026-03-13T13:34:01.789Z,SOLUSDT,91.72
2026-03-13T13:49:02.096Z,BTCUSDT,73308
2026-03-13T13:49:02.096Z,ETHUSDT,2188.89
2026-03-13T13:49:02.096Z,SOLUSDT,92.11
2026-03-13T14:01:10.813Z,BTCUSDT,73430.88
2026-03-13T14:01:10.813Z,ETHUSDT,2186.72
2026-03-13T14:01:10.813Z,SOLUSDT,92.34
2026-03-13T14:04:01.711Z,BTCUSDT,73318.59
2026-03-13T14:04:01.711Z,ETHUSDT,2187.15
2026-03-13T14:04:01.711Z,SOLUSDT,92.02
2026-03-13T14:19:01.716Z,BTCUSDT,73423.19
2026-03-13T14:19:01.716Z,ETHUSDT,2189.44
2026-03-13T14:19:01.716Z,SOLUSDT,92.38
2026-03-13T14:34:01.738Z,BTCUSDT,73812.48
2026-03-13T14:34:01.738Z,ETHUSDT,2197.7
2026-03-13T14:34:01.738Z,SOLUSDT,92.63
2026-03-13T14:49:01.683Z,BTCUSDT,72828.97
2026-03-13T14:49:01.683Z,ETHUSDT,2170.26
2026-03-13T14:49:01.683Z,SOLUSDT,91.1
2026-03-13T15:04:01.727Z,BTCUSDT,72349.64
2026-03-13T15:04:01.727Z,ETHUSDT,2149.47
2026-03-13T15:04:01.727Z,SOLUSDT,90.61
2026-03-13T15:19:01.748Z,BTCUSDT,72653.12
2026-03-13T15:19:01.748Z,ETHUSDT,2161.06
2026-03-13T15:19:01.748Z,SOLUSDT,91.01
2026-03-13T15:34:01.764Z,BTCUSDT,72491.52
2026-03-13T15:34:01.764Z,ETHUSDT,2153.69
2026-03-13T15:34:01.764Z,SOLUSDT,90.43
2026-03-13T15:45:06.513Z,BTCUSDT,71935.68
2026-03-13T15:45:06.513Z,ETHUSDT,2139.46
2026-03-13T15:45:06.513Z,SOLUSDT,89.69
2026-03-13T15:49:02.083Z,BTCUSDT,72168.01
2026-03-13T15:49:02.083Z,ETHUSDT,2141.77
2026-03-13T15:49:02.083Z,SOLUSDT,90.05
2026-03-13T16:01:32.228Z,BTCUSDT,71865.57
2026-03-13T16:01:32.228Z,ETHUSDT,2129.66
2026-03-13T16:01:32.228Z,SOLUSDT,89.57
2026-03-13T16:04:03.416Z,BTCUSDT,71758
2026-03-13T16:04:03.416Z,ETHUSDT,2126.9
2026-03-13T16:04:03.416Z,SOLUSDT,89.43
2026-03-13T16:19:01.916Z,BTCUSDT,71456.55
2026-03-13T16:19:01.916Z,ETHUSDT,2118.51
2026-03-13T16:19:01.916Z,SOLUSDT,89.35
2026-03-13T16:34:02.854Z,BTCUSDT,71630.53
2026-03-13T16:34:02.854Z,ETHUSDT,2123.75
2026-03-13T16:34:02.854Z,SOLUSDT,89.48
2026-03-13T16:49:02.001Z,BTCUSDT,71866.2
2026-03-13T16:49:02.001Z,ETHUSDT,2136.04
2026-03-13T16:49:02.001Z,SOLUSDT,89.75
2026-03-13T17:04:04.026Z,BTCUSDT,71893.66
2026-03-13T17:04:04.026Z,ETHUSDT,2134.49
2026-03-13T17:04:04.026Z,SOLUSDT,89.54
2026-03-13T17:19:02.258Z,BTCUSDT,71997.66
2026-03-13T17:19:02.258Z,ETHUSDT,2135.45
2026-03-13T17:19:02.258Z,SOLUSDT,89.84
2026-03-13T17:34:01.877Z,BTCUSDT,71660.38
2026-03-13T17:34:01.877Z,ETHUSDT,2121.68
2026-03-13T17:34:01.877Z,SOLUSDT,89.46
2026-03-13T17:49:01.896Z,BTCUSDT,71163.17
2026-03-13T17:49:01.896Z,ETHUSDT,2098.98
2026-03-13T17:49:01.896Z,SOLUSDT,88.84
2026-03-13T18:04:01.925Z,BTCUSDT,71047.8
2026-03-13T18:04:01.925Z,ETHUSDT,2106.5
2026-03-13T18:04:01.925Z,SOLUSDT,88.72
2026-03-13T18:19:02.198Z,BTCUSDT,70924.65
2026-03-13T18:19:02.198Z,ETHUSDT,2095.68
2026-03-13T18:19:02.198Z,SOLUSDT,88.52
2026-03-13T18:30:04.020Z,BTCUSDT,71217.77
2026-03-13T18:30:04.020Z,ETHUSDT,2104.99
2026-03-13T18:30:04.020Z,SOLUSDT,88.95
2026-03-13T18:34:02.017Z,BTCUSDT,71249.41
2026-03-13T18:34:02.017Z,ETHUSDT,2104.83
2026-03-13T18:34:02.017Z,SOLUSDT,88.96
2026-03-13T18:49:01.919Z,BTCUSDT,71128.1
2026-03-13T18:49:01.919Z,ETHUSDT,2102.94
2026-03-13T18:49:01.919Z,SOLUSDT,88.84
2026-03-13T19:04:02.175Z,BTCUSDT,71044
2026-03-13T19:04:02.175Z,ETHUSDT,2099.17
2026-03-13T19:04:02.175Z,SOLUSDT,88.55
2026-03-13T19:15:04.288Z,BTCUSDT,71242.04
2026-03-13T19:15:04.288Z,ETHUSDT,2104.7
2026-03-13T19:15:04.288Z,SOLUSDT,88.81
2026-03-13T19:19:02.083Z,BTCUSDT,71259.04
2026-03-13T19:19:02.083Z,ETHUSDT,2104.35
2026-03-13T19:19:02.083Z,SOLUSDT,88.84
2026-03-13T19:34:02.091Z,BTCUSDT,71135.83
2026-03-13T19:34:02.091Z,ETHUSDT,2100.84
2026-03-13T19:34:02.091Z,SOLUSDT,88.75
2026-03-13T19:49:02.189Z,BTCUSDT,71170.09
2026-03-13T19:49:02.189Z,ETHUSDT,2104.72
2026-03-13T19:49:02.189Z,SOLUSDT,88.93
2026-03-13T20:04:02.188Z,BTCUSDT,71190.01
2026-03-13T20:04:02.188Z,ETHUSDT,2102.53
2026-03-13T20:04:02.188Z,SOLUSDT,88.69
2026-03-13T20:19:02.224Z,BTCUSDT,71397.44
2026-03-13T20:19:02.224Z,ETHUSDT,2111.12
2026-03-13T20:19:02.224Z,SOLUSDT,88.97
2026-03-13T20:34:02.102Z,BTCUSDT,71297.14
2026-03-13T20:34:02.102Z,ETHUSDT,2110.4
2026-03-13T20:34:02.102Z,SOLUSDT,88.97
2026-03-13T20:45:04.576Z,BTCUSDT,71308.61
2026-03-13T20:45:04.576Z,ETHUSDT,2110.71
2026-03-13T20:45:04.576Z,SOLUSDT,88.95
2026-03-13T20:49:02.051Z,BTCUSDT,71415.63
2026-03-13T20:49:02.051Z,ETHUSDT,2112.41
2026-03-13T20:49:02.051Z,SOLUSDT,88.97
2026-03-13T21:04:02.022Z,BTCUSDT,71415.72
2026-03-13T21:04:02.022Z,ETHUSDT,2112.9
2026-03-13T21:04:02.022Z,SOLUSDT,89.07
2026-03-13T21:19:02.090Z,BTCUSDT,71406.83
2026-03-13T21:19:02.090Z,ETHUSDT,2113.03
2026-03-13T21:19:02.090Z,SOLUSDT,88.95
2026-03-13T21:34:01.957Z,BTCUSDT,71208.52
2026-03-13T21:34:01.957Z,ETHUSDT,2105.86
2026-03-13T21:34:01.957Z,SOLUSDT,88.62
2026-03-13T21:49:02.047Z,BTCUSDT,71215.15
2026-03-13T21:49:02.047Z,ETHUSDT,2107.96
2026-03-13T21:49:02.047Z,SOLUSDT,88.74
2026-03-13T22:04:02.324Z,BTCUSDT,70724.48
2026-03-13T22:04:02.324Z,ETHUSDT,2087.64
2026-03-13T22:04:02.324Z,SOLUSDT,88.09
2026-03-13T22:19:02.096Z,BTCUSDT,70817.05
2026-03-13T22:19:02.096Z,ETHUSDT,2089.88
2026-03-13T22:19:02.096Z,SOLUSDT,88.06
2026-03-13T22:30:04.461Z,BTCUSDT,70674.39
2026-03-13T22:30:04.461Z,ETHUSDT,2082.7
2026-03-13T22:30:04.461Z,SOLUSDT,87.87
2026-03-13T22:34:02.274Z,BTCUSDT,70651.03
2026-03-13T22:34:02.274Z,ETHUSDT,2082.18
2026-03-13T22:34:02.274Z,SOLUSDT,87.87
2026-03-13T22:49:02.083Z,BTCUSDT,70764.27
2026-03-13T22:49:02.083Z,ETHUSDT,2085.44
2026-03-13T22:49:02.083Z,SOLUSDT,87.91
2026-03-13T23:04:02.088Z,BTCUSDT,70754.69
2026-03-13T23:04:02.088Z,ETHUSDT,2087.91
2026-03-13T23:04:02.088Z,SOLUSDT,87.89
2026-03-13T23:19:02.217Z,BTCUSDT,70905.56
2026-03-13T23:19:02.217Z,ETHUSDT,2093.15
2026-03-13T23:19:02.217Z,SOLUSDT,88.17
2026-03-13T23:34:02.080Z,BTCUSDT,70921.58
2026-03-13T23:34:02.080Z,ETHUSDT,2091.6
2026-03-13T23:34:02.080Z,SOLUSDT,88.13
2026-03-13T23:45:05.132Z,BTCUSDT,70921.2
2026-03-13T23:45:05.132Z,ETHUSDT,2091.08
2026-03-13T23:45:05.132Z,SOLUSDT,88.09
2026-03-13T23:49:02.262Z,BTCUSDT,70963.48
2026-03-13T23:49:02.262Z,ETHUSDT,2092.84
2026-03-13T23:49:02.262Z,SOLUSDT,88.13
2026-03-14T00:03:17.435Z,BTCUSDT,70753.9
2026-03-14T00:03:17.435Z,ETHUSDT,2088.47
2026-03-14T00:03:17.435Z,SOLUSDT,88.01
2026-03-14T00:04:02.595Z,BTCUSDT,70807.03
2026-03-14T00:04:02.595Z,ETHUSDT,2090.17
2026-03-14T00:04:02.595Z,SOLUSDT,88.07
2026-03-14T00:19:02.320Z,BTCUSDT,70865.7
2026-03-14T00:19:02.320Z,ETHUSDT,2092.58
2026-03-14T00:19:02.320Z,SOLUSDT,88.2
2026-03-14T00:34:02.260Z,BTCUSDT,70881.75
2026-03-14T00:34:02.260Z,ETHUSDT,2092.34
2026-03-14T00:34:02.260Z,SOLUSDT,88.31
2026-03-14T00:49:02.065Z,BTCUSDT,70617.99
2026-03-14T00:49:02.065Z,ETHUSDT,2084.83
2026-03-14T00:49:02.065Z,SOLUSDT,87.89
2026-03-14T01:04:02.136Z,BTCUSDT,70747.23
2026-03-14T01:04:02.136Z,ETHUSDT,2088.47
2026-03-14T01:04:02.136Z,SOLUSDT,88.14
2026-03-14T01:19:02.510Z,BTCUSDT,70747.34
2026-03-14T01:19:02.510Z,ETHUSDT,2090.21
2026-03-14T01:19:02.510Z,SOLUSDT,88.03
2026-03-14T01:34:02.335Z,BTCUSDT,70719.66
2026-03-14T01:34:02.335Z,ETHUSDT,2089.89
2026-03-14T01:34:02.335Z,SOLUSDT,88.04
2026-03-14T01:49:02.398Z,BTCUSDT,70880.82
2026-03-14T01:49:02.398Z,ETHUSDT,2092.95
2026-03-14T01:49:02.398Z,SOLUSDT,88.32
2026-03-14T02:04:02.444Z,BTCUSDT,70833.33
2026-03-14T02:04:02.444Z,ETHUSDT,2092.2
2026-03-14T02:04:02.444Z,SOLUSDT,88.23
2026-03-14T02:19:02.256Z,BTCUSDT,70851.69
2026-03-14T02:19:02.256Z,ETHUSDT,2094.06
2026-03-14T02:19:02.256Z,SOLUSDT,88.23
2026-03-14T02:30:06.668Z,BTCUSDT,70796.66
2026-03-14T02:30:06.668Z,ETHUSDT,2090.41
2026-03-14T02:30:06.668Z,SOLUSDT,88.11
2026-03-14T02:34:02.285Z,BTCUSDT,70753.53
2026-03-14T02:34:02.285Z,ETHUSDT,2090.82
2026-03-14T02:34:02.285Z,SOLUSDT,88.08
2026-03-14T02:49:02.234Z,BTCUSDT,70754.45
2026-03-14T02:49:02.234Z,ETHUSDT,2091.63
2026-03-14T02:49:02.234Z,SOLUSDT,88.08
2026-03-14T03:04:02.459Z,BTCUSDT,70830.3
2026-03-14T03:04:02.459Z,ETHUSDT,2093.13
2026-03-14T03:04:02.459Z,SOLUSDT,88.28
2026-03-14T03:19:02.351Z,BTCUSDT,71096.33
2026-03-14T03:19:02.351Z,ETHUSDT,2099.71
2026-03-14T03:19:02.351Z,SOLUSDT,88.56
2026-03-14T03:34:02.338Z,BTCUSDT,71157.37
2026-03-14T03:34:02.338Z,ETHUSDT,2102.45
2026-03-14T03:34:02.338Z,SOLUSDT,88.57
2026-03-14T03:49:02.336Z,BTCUSDT,71083.17
2026-03-14T03:49:02.336Z,ETHUSDT,2100.84
2026-03-14T03:49:02.336Z,SOLUSDT,88.39
2026-03-14T04:04:02.571Z,BTCUSDT,71085.87
2026-03-14T04:04:02.571Z,ETHUSDT,2100.49
2026-03-14T04:04:02.571Z,SOLUSDT,88.44
2026-03-14T04:15:05.762Z,BTCUSDT,71206.99
2026-03-14T04:15:05.762Z,ETHUSDT,2104.62
2026-03-14T04:15:05.762Z,SOLUSDT,88.54
2026-03-14T04:19:02.227Z,BTCUSDT,71118.42
2026-03-14T04:19:02.227Z,ETHUSDT,2102.39
2026-03-14T04:19:02.227Z,SOLUSDT,88.46
2026-03-14T04:34:02.315Z,BTCUSDT,71160.7
2026-03-14T04:34:02.315Z,ETHUSDT,2102.04
2026-03-14T04:34:02.315Z,SOLUSDT,88.51
2026-03-14T04:49:02.208Z,BTCUSDT,71261.37
2026-03-14T04:49:02.208Z,ETHUSDT,2104.09
2026-03-14T04:49:02.208Z,SOLUSDT,88.63
2026-03-14T05:04:02.728Z,BTCUSDT,71070.73
2026-03-14T05:04:02.728Z,ETHUSDT,2091.77
2026-03-14T05:04:02.728Z,SOLUSDT,88.26
2026-03-14T05:19:02.252Z,BTCUSDT,71079.99
2026-03-14T05:19:02.252Z,ETHUSDT,2091.29
2026-03-14T05:19:02.252Z,SOLUSDT,88.23
2026-03-14T05:34:02.262Z,BTCUSDT,70964.36
2026-03-14T05:34:02.262Z,ETHUSDT,2087.66
2026-03-14T05:34:02.262Z,SOLUSDT,88
2026-03-14T05:49:02.401Z,BTCUSDT,71000
2026-03-14T05:49:02.401Z,ETHUSDT,2089.87
2026-03-14T05:49:02.401Z,SOLUSDT,88.01
2026-03-14T06:04:02.642Z,BTCUSDT,70938.35
2026-03-14T06:04:02.642Z,ETHUSDT,2088.57
2026-03-14T06:04:02.642Z,SOLUSDT,88.01
2026-03-14T06:19:02.491Z,BTCUSDT,70826.89
2026-03-14T06:19:02.491Z,ETHUSDT,2085
2026-03-14T06:19:02.491Z,SOLUSDT,87.79
2026-03-14T06:34:02.388Z,BTCUSDT,70694.25
2026-03-14T06:34:02.388Z,ETHUSDT,2082.1
2026-03-14T06:34:02.388Z,SOLUSDT,87.43
2026-03-14T06:45:03.906Z,BTCUSDT,70452.38
2026-03-14T06:45:03.906Z,ETHUSDT,2075.07
2026-03-14T06:45:03.906Z,SOLUSDT,87.09
2026-03-14T06:49:02.395Z,BTCUSDT,70604.97
2026-03-14T06:49:02.395Z,ETHUSDT,2078.09
2026-03-14T06:49:02.395Z,SOLUSDT,87.29
2026-03-14T07:02:13.557Z,BTCUSDT,70667.13
2026-03-14T07:02:13.557Z,ETHUSDT,2078.46
2026-03-14T07:02:13.557Z,SOLUSDT,87.31
2026-03-14T07:04:02.293Z,BTCUSDT,70660.84
2026-03-14T07:04:02.293Z,ETHUSDT,2078.61
2026-03-14T07:04:02.293Z,SOLUSDT,87.32
2026-03-14T07:19:02.250Z,BTCUSDT,70693.48
2026-03-14T07:19:02.250Z,ETHUSDT,2078.72
2026-03-14T07:19:02.250Z,SOLUSDT,87.34
2026-03-14T07:34:02.403Z,BTCUSDT,70689.42
2026-03-14T07:34:02.403Z,ETHUSDT,2079.29
2026-03-14T07:34:02.403Z,SOLUSDT,87.33
2026-03-14T07:49:02.281Z,BTCUSDT,70524.62
2026-03-14T07:49:02.281Z,ETHUSDT,2078.53
2026-03-14T07:49:02.281Z,SOLUSDT,87.31
2026-03-14T08:04:02.894Z,BTCUSDT,70590.69
2026-03-14T08:04:02.894Z,ETHUSDT,2077.02
2026-03-14T08:04:02.894Z,SOLUSDT,87.3
2026-03-14T08:19:02.983Z,BTCUSDT,70618.88
2026-03-14T08:19:02.983Z,ETHUSDT,2078.29
2026-03-14T08:19:02.983Z,SOLUSDT,87.39
2026-03-14T08:34:02.499Z,BTCUSDT,70651.03
2026-03-14T08:34:02.499Z,ETHUSDT,2078.38
2026-03-14T08:34:02.499Z,SOLUSDT,87.42
2026-03-14T08:49:02.281Z,BTCUSDT,70566.03
2026-03-14T08:49:02.281Z,ETHUSDT,2073.03
2026-03-14T08:49:02.281Z,SOLUSDT,87.15
2026-03-14T09:04:02.747Z,BTCUSDT,70633.04
2026-03-14T09:04:02.747Z,ETHUSDT,2075.17
2026-03-14T09:04:02.747Z,SOLUSDT,87.21
2026-03-14T09:19:02.354Z,BTCUSDT,70639.38
2026-03-14T09:19:02.354Z,ETHUSDT,2075.01
2026-03-14T09:19:02.354Z,SOLUSDT,87.17
2026-03-14T09:30:07.128Z,BTCUSDT,70683.19
2026-03-14T09:30:07.128Z,ETHUSDT,2076.34
2026-03-14T09:30:07.128Z,SOLUSDT,87.18
2026-03-14T09:34:02.520Z,BTCUSDT,70588.76
2026-03-14T09:34:02.520Z,ETHUSDT,2074.74
2026-03-14T09:34:02.520Z,SOLUSDT,87.08
2026-03-14T09:49:02.700Z,BTCUSDT,70443.13
2026-03-14T09:49:02.700Z,ETHUSDT,2066.16
2026-03-14T09:49:02.700Z,SOLUSDT,86.72
2026-03-14T10:04:02.468Z,BTCUSDT,70530.99
2026-03-14T10:04:02.468Z,ETHUSDT,2068.46
2026-03-14T10:04:02.468Z,SOLUSDT,86.9
2026-03-14T10:19:02.526Z,BTCUSDT,70476
2026-03-14T10:19:02.526Z,ETHUSDT,2066.2
2026-03-14T10:19:02.526Z,SOLUSDT,86.8
2026-03-14T10:34:02.459Z,BTCUSDT,70400.36
2026-03-14T10:34:02.459Z,ETHUSDT,2062.03
2026-03-14T10:34:02.459Z,SOLUSDT,86.55
2026-03-14T10:49:02.601Z,BTCUSDT,70526.79
2026-03-14T10:49:02.601Z,ETHUSDT,2064.91
2026-03-14T10:49:02.601Z,SOLUSDT,86.66
2026-03-14T11:02:36.084Z,BTCUSDT,70589.94
2026-03-14T11:02:36.084Z,ETHUSDT,2066.93
2026-03-14T11:02:36.084Z,SOLUSDT,86.66
2026-03-14T11:04:02.659Z,BTCUSDT,70615.66
2026-03-14T11:04:02.659Z,ETHUSDT,2068.15
2026-03-14T11:04:02.659Z,SOLUSDT,86.76
2026-03-14T11:19:02.462Z,BTCUSDT,70669.41
2026-03-14T11:19:02.462Z,ETHUSDT,2070.43
2026-03-14T11:19:02.462Z,SOLUSDT,86.74
2026-03-14T11:34:02.608Z,BTCUSDT,70654.32
2026-03-14T11:34:02.608Z,ETHUSDT,2073.91
2026-03-14T11:34:02.608Z,SOLUSDT,86.82
2026-03-14T11:49:03.243Z,BTCUSDT,70711.43
2026-03-14T11:49:03.243Z,ETHUSDT,2075.3
2026-03-14T11:49:03.243Z,SOLUSDT,86.89
2026-03-14T12:04:03.287Z,BTCUSDT,70802.4
2026-03-14T12:04:03.287Z,ETHUSDT,2076.8
2026-03-14T12:04:03.287Z,SOLUSDT,86.96
2026-03-14T12:19:04.360Z,BTCUSDT,70726.03
2026-03-14T12:19:04.360Z,ETHUSDT,2075.56
2026-03-14T12:19:04.360Z,SOLUSDT,86.96
2026-03-14T12:34:02.938Z,BTCUSDT,70700
2026-03-14T12:34:02.938Z,ETHUSDT,2072.36
2026-03-14T12:34:02.938Z,SOLUSDT,86.91
2026-03-14T12:49:03.124Z,BTCUSDT,70732
2026-03-14T12:49:03.124Z,ETHUSDT,2074.18
2026-03-14T12:49:03.124Z,SOLUSDT,87.08
2026-03-14T13:04:02.894Z,BTCUSDT,70738.74
2026-03-14T13:04:02.894Z,ETHUSDT,2073.92
2026-03-14T13:04:02.894Z,SOLUSDT,87.12
2026-03-14T13:19:02.579Z,BTCUSDT,70851.23
2026-03-14T13:19:02.579Z,ETHUSDT,2077.24
2026-03-14T13:19:02.579Z,SOLUSDT,87.19
2026-03-14T13:34:02.754Z,BTCUSDT,70892.9
2026-03-14T13:34:02.754Z,ETHUSDT,2078.62
2026-03-14T13:34:02.754Z,SOLUSDT,87.3
2026-03-14T13:49:01.713Z,BTCUSDT,70817.81
2026-03-14T13:49:01.713Z,ETHUSDT,2077.08
2026-03-14T13:49:01.713Z,SOLUSDT,87.12
2026-03-14T14:04:01.642Z,BTCUSDT,70909.85
2026-03-14T14:04:01.642Z,ETHUSDT,2078.84
2026-03-14T14:04:01.642Z,SOLUSDT,87.2
2026-03-14T14:15:03.788Z,BTCUSDT,70746.04
2026-03-14T14:15:03.788Z,ETHUSDT,2074.09
2026-03-14T14:15:03.788Z,SOLUSDT,86.82
2026-03-14T14:19:01.515Z,BTCUSDT,70763.66
2026-03-14T14:19:01.515Z,ETHUSDT,2074.62
2026-03-14T14:19:01.515Z,SOLUSDT,86.92
2026-03-14T14:34:01.629Z,BTCUSDT,70763.53
2026-03-14T14:34:01.629Z,ETHUSDT,2076.2
2026-03-14T14:34:01.629Z,SOLUSDT,86.9
2026-03-14T14:49:01.507Z,BTCUSDT,70651.03
2026-03-14T14:49:01.507Z,ETHUSDT,2071.62
2026-03-14T14:49:01.507Z,SOLUSDT,86.81
2026-03-14T15:04:01.564Z,BTCUSDT,70678
2026-03-14T15:04:01.564Z,ETHUSDT,2073.77
2026-03-14T15:04:01.564Z,SOLUSDT,86.84
2026-03-14T15:15:04.485Z,BTCUSDT,70657.8
2026-03-14T15:15:04.485Z,ETHUSDT,2074.65
2026-03-14T15:15:04.485Z,SOLUSDT,86.84
2026-03-14T15:19:01.502Z,BTCUSDT,70689.68
2026-03-14T15:19:01.502Z,ETHUSDT,2076.99
2026-03-14T15:19:01.502Z,SOLUSDT,86.89
2026-03-14T15:34:01.824Z,BTCUSDT,70565.54
2026-03-14T15:34:01.824Z,ETHUSDT,2073.51
2026-03-14T15:34:01.824Z,SOLUSDT,86.78
2026-03-14T15:49:01.778Z,BTCUSDT,70533.88
2026-03-14T15:49:01.778Z,ETHUSDT,2073.19
2026-03-14T15:49:01.778Z,SOLUSDT,86.69
2026-03-14T16:04:01.760Z,BTCUSDT,70531.81
2026-03-14T16:04:01.760Z,ETHUSDT,2072.01
2026-03-14T16:04:01.760Z,SOLUSDT,86.71
2026-03-14T16:19:01.531Z,BTCUSDT,70628.3
2026-03-14T16:19:01.531Z,ETHUSDT,2074.94
2026-03-14T16:19:01.531Z,SOLUSDT,86.9
2026-03-14T16:34:01.727Z,BTCUSDT,70677.94
2026-03-14T16:34:01.727Z,ETHUSDT,2076.41
2026-03-14T16:34:01.727Z,SOLUSDT,87
